glewafffleyeeeecore,1
funding,1
400664181281521665can,1
sam,1
join,5
suite,3
lifechange,1
it,143
to,262
maidenlessboston,1
is,186
so,52
whaccalright,1
heres,2
a,342
more,24
accurate,1
take,16
what,43
im,41
thinking,4
rn,6
i,205
think,54
that,76
like,142
inside,1
the,331
olin,13
bubble,1
were,16
vibing,3
and,108
doing,5
pretty,11
good,17
we,89
eat,3
in,124
dining,5
halls,1
party,6
weve,2
gotten,1
sick,4
but,41
not,55
covid,9
thats,21
idk,11
impact,2
with,52
profs,1
dont,49
want,40
them,28
get,66
they,29
can,66
just,101
ask,17
us,10
wear,4
mask,14
ig,5
vibe,4
my,77
largest,1
concern,1
how,37
this,71
going,30
affect,1
behavior,1
for,116
masking,2
off,4
campus,3
bc,16
significant,1
vector,1
infectionfuck,1
yeah,20
now,11
woooosave,1
me,35
one,37
pls,8
bio,2
shit,42
after,8
isimnvm,1
ighttpstwittercombnonewsstatus1496247542824284174fpoggersfeliz,1
ano,1
nuevo,1
wootliterally,1
best,2
bro,7
know,10
knows,3
music,1
bro129026882971762689fuck,1
proud,1
have,102
baggage,1
scale,2
toozineeeeeeebruhoofif,1
had,11
florida,2
temperatures,1
id,8
be,50
inclined,1
agreehey,1
yalls,5
due,3
shitty,1
weather,1
luke,8
wettin,1
pool,1
being,8
rescheduled,1
next,6
semesterhttpsdiscordgg9s9kub3f7bfucklolupdate,1
found,4
lighterof,1
course,2
comrade,1
3i,1
will,16
make,32
you,155
ramen,4
andor,2
tuna,1
survival,2
packet,1
if,94
u,78
need,36
mealomwfuckshit,1
getting,12
mexican,1
thenclassicyes,1
counts,1
as,24
sneakwhat,1
are,40
rules,1
sneaknorah,1
water,4
bottle,3
ive,6
drunk,2
out,23
ofhisame,1
180105249363591170lmaoooooooi,1
understand,4
everything,5
nowalso,1
fill,3
ur,40
interested,1
pitching,2
vacuumhttpsformsgleqq13q6bngpbedyia8,1
help,6
an,45
idea,4
of,103
do,83
whole,3
vacuum,3
thingwe,1
gotta,8
some,60
moar,2
topazno,1
uasslet,1
sniff,1
itbrycei,1
felt,3
teeth,1
kdhttpsireddit0helzrtz0yo81jpglmaooowoahwildyeeethis,1
aestheticnoooolmaooobl√•hajbloodfsickkd,1
whyyyoofkitty,1
cat,4
polyculedang,1
bronicelmao,1
niceso,2
gracefulnicewelpyayhttpswwwmcmastercom6544k28isnt,1
there,20
thirdput,1
ham,1
radio,1
license,1
use,18
also,26
bettersamenicelolemote,1
plsüòâ898299989443366952kd,1
fuckisha,1
physicali,1
crane,2
would,19
win,1
psychological,2
warfarehave,1
considered,2
comparing,1
combat,1
capabilitiesthats,1
hotmayaim,1
proudvalidyesjeffnomyayok,1
morticiaiykykif,1
üçáthey,1
bekd,1
nokd,1
fucklolfwopserveryeethttpswwwlivesciencecompeniswormshermitshellbehaviorsela,1
consent,4
smh,4
headbased,1
fuckask,1
head288518699206443009you,1
points,1
when,22
thunderbolt,1
balls,1
kateeyyythats,1
someone,16
hiding,1
something,16
saypianos,1
bottomsnothis,1
switch,1
erasurenods,1
lukeperfect,1
perfect,2
lukeoklukelike,1
guys,2
pick,3
choose,1
lukeherenew,1
cultso,1
trueso,4
truesmh,1
headeventsno,1
bryce,2
spelt,1
temperature,4
right221714093722173440,1
wanna,21
borrow,3
bookare,1
okbro,1
he,12
said,8
5,9
timesbruh,1
no,23
context,4
smhi,1
lack,2
here,7
üò¶im,1
sure,15
feel,17
about,33
thatsushi,1
isnt,9
fleshlight,1
288518699206443009no,1
inhale,3
stonk,1
sockshttpseresearchfidelitycomeresearchevaluatesnapshotjhtmlsymbolshbipls,1
stockhttpswwwmcmastercom5224t25224t512remember,1
proper,2
precautions,1
265880496389619712why,1
bunnyis,1
even,3
differenceüå≠i,1
drinking,1
milfskd,1
dick,3
destoyeri,1
awakenoofnot,1
passed,1
on,67
floorpls,1
awake,1
like11,1
amfuck,1
diesamewakeuppppwaiting,1
through,9
all,23
checkpoints,1
checkinsbut,1
expect,3
spend,2
timenow,1
fuck,42
up,25
thatthe,1
airports,1
werent,1
packedso,1
weird,2
thing,7
todayaditi,1
slep8,1
am,19
alarm,1
clockpogis,1
awakeyes,1
those,3
words,4
sound,1
vaguely,1
correct,1
mehe,1
got,24
too,12
drunko,1
awokenpls,1
same,9
at,50
101030is,1
move,4
dress,3
business,1
or,41
change,2
into,14
qeawhat,1
reportcan,1
prox,1
wh,2
plsthankiesoh,1
ripi,1
lost,4
black,3
lipstick,1
finds,1
lmkif,1
anyones,3
still,16
partyi,1
thinkalso,1
host,1
training,1
backfuck,1
yeahif,1
anyone,22
coming,3
mac,3
bring,15
couple,11
closed,1
trash,1
bags,2
plsah,1
didnt,11
see,14
thatfor,1
mixing,1
bowlson,1
drawerlol,1
theres,5
sticky,1
note,1
over,7
colander,2
labelthanksi,1
love,8
broin,1
30,4
minuteshelp,1
east,3
hall,4
kitchen,2
forgot,7
oneall,1
duct,2
tape,2
plane,4
earsits,1
vibingsince,1
checkedand,1
was,21
cleani,1
did,25
uv,4
lightjkjkgive,1
him,9
weedmoss,1
gr8but,1
look,7
mossi,1
havent,3
watched,1
yethttpswwwyoutubecomwatchvnft3emzeu1iits,1
mediocrenopebut,1
privateits,1
relaxing,1
room,6
thoughit,1
isno,1
3d,8
printed,1
potthe,1
world,1
newspolitics,1
oneooo,1
onergaysoundsshitpostsoh,1
waitreggirli,1
probably,4
go,26
tomorrowstaffyou,1
buddy,2
stuff,5
shop,3
from,37
their,13
office,1
thinkyayyyfdang,1
visibilityaaaaaaaaaaaaafuck,1
sprinting,1
your,44
gateborkowake,1
enjoy,1
dayyyyyor,1
well,8
doneor,1
mediumno,1
mean,10
meat,2
cooked,1
rarerod18,1
ft,1
rod,1
17naps,1
importantthats,1
poggershey,1
least,4
shes,1
cool,3
gay,8
lolmaybe,1
patrick,1
looks,7
yeet,5
outsiderip,1
spider,3
fucked,4
grabbed,1
cup,1
outsidedhfhhrhrhe,1
absolute,1
child,2
front,2
his,7
momone,1
quart,1
worth,2
potatopotatouhhyerti,1
dude,7
poggersoh,1
sickyeah,1
means,3
desk,1
deskso,1
ill,13
hide,2
allwe,1
arent,9
allowed,2
candles,2
gives,1
fuckdude,2
fucking,27
ughthe,1
fucki,1
wanted,1
circuitlike,1
point,4
time,13
todayif,1
isim,3
spool,1
wire,2
strippers,1
plsyes,1
unfortunately,1
fallen,1
illyou,1
should,24
schedule,2
nowtfw,1
babson,1
healf,1
says,9
until,3
tomorrow,4
lol,1
ripcarbonated,1
costco,6
fruity,1
drinki,1
likevaliddo,1
snaki,1
two,5
quartersi,1
dokiwihttpsenmwikipediaorgwikilaserkiwiflag599790636320686088,1
happening,1
brocan,1
small,7
mugokdeadassso,1
rooms,1
sleep,6
anyoneand,1
expand,1
kitchenyou,1
tear,2
down,12
walli,2
wonder,3
longer,1
likedamnwhats,1
thatwill,1
people,17
give,8
lab,1
stuffcan,1
start,3
print,4
plsikryesi,1
called,4
babolol,1
stuck,1
elevatorif,1
today,3
groceries,2
pharmacy,1
could,20
lmk,1
distilled,1
thx,1
resolvedthank,1
u3thank,1
uplscan,1
come,12
326okwait,1
itill,1
youill,1
find,7
batteryalso,1
does,13
monsterbattery,1
maybekk,1
rushits,1
literally,22
letting,1
click,1
buy,16
rnor,1
venmo,4
medid,1
put,19
post,4
box,2
address,1
barlinkclay,1
has,19
childfuck,1
blehthe,1
pink,2
lemonade,1
tastes,1
fuckyeeyeah,1
lolthats,1
kinda,8
smartngl,1
tinder,1
expose,1
troop,1
positionsbut,1
lolwho,1
true,2
nyphttpsnypostcom20220224ukrainianwomensayrussiantroopsareflirtingwiththemontinderampidk,1
knocked,1
door,4
respondedohill,1
checkdelivered,1
kellsterlike,1
first,6
aidwildplol,1
everyoned,1
scanned,1
filenicedont,1
glue,3
cousin,2
comradeffhome,1
depot,1
self,3
transcendencelmao,1
cla,2
taking,3
napripsusbeeeeee12until,1
likei,3
slept,1
inwildbro,1
pm,4
onlinedo,1
itfuck,1
readingtbhkindajo,1
toiletis,1
real,5
placewhat,1
thatare,1
okcomradeonooorat,1
momentbro,1
laptop,2
phoneagainto,1
different,7
roommovedwhat,1
justor,1
notyou,1
investigatewhat,1
ifoof,1
brobro,2
send,6
pic,1
chatu,1
roomf,1
brodamn,1
unrequited,1
loveits,1
frog,1
jamcheese180105249363591170aditi,1
check,6
email35we,1
watch,5
moviehttpswwwyoutubecomwatchvfh1qgperdu288518699206443009898299989443366952when,1
it180105249363591170,1
alcbut,1
def,5
solid,4
optionif,1
cars,1
campusi,1
price,1
likebc,1
student,2
discountinsuranceits,1
11,3
hour,1
25,3
membershipits,1
hourthere,1
minivan,1
zip,1
car,4
campusif,1
key,2
let,3
tho,1
brosthat,1
way,3
youll,3
never,3
keyjust,1
rip,1
lockle,1
r2haev,1
triedthis,1
unfortunatewildis,1
4th,4
floorthankis,1
our,7
deliverable,1
bewhat,2
thisdescribe,1
method,1
assessmentdeliverable,1
passionate,1
pursuit,1
requiredid,1
explode,1
somethingloland,1
cheese,2
sticksand,1
candyprotein,1
shakesi,1
food,4
bowl,1
enchiladasfrozeni,1
pizzathis,1
confuses,1
mebut,1
tools,4
than,14
laser,3
cuttersssssthe,1
year,5
2022,1
options,4
paper,5
productsssssswhyyyi,1
heard,2
mention,1
quite,2
catch,1
saidfor,1
pmwhat,1
restrictions,1
haveidk,1
thingsand,1
likeredesign,1
lilthere,1
itbro,2
resell,1
amazonnah,1
shiti,4
believe,1
alibabaaliexpress,1
improve,1
design,3
contract,1
factories,1
china,1
produce,1
then,22
sell,6
amazonmy,1
plan,5
storage,1
unityeah,1
whats,3
thatcomrade,1
yessscest,1
la,3
vieokpoggersi,1
quality,1
changed,1
since,1
last,5
idkthey,2
sizeshttpswwwgc2bconah,1
boot,1
crash,4
randomlyno,1
clue,2
keeps,1
bluescreening,1
ssd,1
fuckedi,2
deadass,1
loaner,1
loldoes,1
todayfuck,1
mushrooms,1
round,1
2,8
beeswhat,1
cocurricularsconfusionmaybedid,1
pcr,1
negative,3
olinalso,1
co,1
curricularsits,1
overclocking,1
computer,2
somethingacc,1
random,1
readapparently,1
immune,1
system,1
runs,1
better,9
fevercovid,1
katesuretexas,1
discriminationoopfuck,1
1can,1
silver,2
bullets,1
hereoofyesterdaypmi,1
mine,1
morning,1
4üëçyoull,1
seebring,1
bagoutside,1
doorclorox,1
wipes180105249363591170super,1
glue214133599421726721but,1
dorm,6
rnyeswhen,1
dinner,3
startsameok2,1
grams,2
24,1
4depends,1
much,9
needim,1
myself,2
somei,1
order,15
tonightohwhat,1
itwhyyjust,1
hi,3
dying,2
atm,2
brb,2
week,3
bitchesnothing,1
matters,1
consequencesitdo,1
otpogstart,1
talking,4
glory,1
unionfuck,1
many,4
wo,1
masksyou,1
mail,1
infuck,1
packjust,1
remind,1
meonce,1
test,4
long,5
back,7
clean,1
ig189195543736614913189195543736614913189195543736614913yes,1
uplmao,1
nicemine,1
hasnt,1
responded,1
email,3
yetinterestingi,1
hope,3
sibb,2
coolnicescavenger,1
huntfor,1
likeim,2
ordained,1
minister,1
somethingwe,1
mariage,1
botoh,1
its,56
thatwhatthis,1
poggerswatchedi,1
thinkthis,1
v,6
poggersthemclicked,1
cant,9
rnfair,1
enough,6
pc,1
rather,3
1k,1
pocket,1
lolpoggersget,1
insurance,2
reasonably,1
cheapwhich,1
maybe,8
deduct,1
andrews,1
taxesi,1
taxes,1
workalso,1
wasting,1
money,5
tax,3
deductiblebro,1
insert,1
cryptobro,1
noises,1
fwop,5
life,2
tickets,3
nftso,1
fair,5
market,2
value,3
lifetime,3
20got,1
todayin,1
exchange,1
monetary,1
donation,1
albert,2
manrique,1
received,1
amount,6
contribution,1
eligible,1
deduction,1
federal,1
income,1
purposes,1
limited,2
donated,1
ticketsyeah,1
probs,5
privacy,1
triplesjkjkolin,1
frat,1
houseif,1
entire,1
housetrailer,1
6,2
peoplei,2
likebut,3
really,8
modular,1
housing,1
trailermobile,1
home,4
probablythey,1
precast,1
concrete,1
building,1
fasti,2
live,3
miami,1
theyve,1
built,2
larger,1
less,3
timeon,1
god,3
totally,3
build,2
new,7
semester,2
throw,2
themolin,1
trailer,1
parklinkhere,1
wasnt,2
spray,4
aroma,1
diffuser180105249363591170,1
httpswwwcambridgeorgcorejournalsdisastermedicineandpublichealthpreparednessarticleperformingqualitativemaskfittestingwithoutacommercialkitfittestingwhichcanbeperformedathomeandatwork41ede04d0885104f2ecbf5725047d7c8will,1
fewfuck,1
sorry,4
yeahfor,1
elsealso,1
leavezoro,1
70k,1
boxes,1
20,7
masks,3
stock,3
confirmed,1
fulfill,1
2000,3
these,5
respiratorsalright,1
jeremy,1
bluffing,1
trying,4
hard,7
knowholy,1
hdk,1
chadthen,1
enoughand,1
taste,1
sweetenerand,1
yourself,2
onand,1
sweeteneri,1
havehttpswwwamazoncombeautifybeautiesflairosolemptybottledpb07grd5wldi,1
figured,1
reallllly,1
fine,4
misterand,1
cases,1
used,4
deliver,2
aerosols,1
lungsbut,1
mistits,1
misterto,1
protecton,1
maskyou,1
run,5
fit,5
testalso,1
nebulizerhelps,1
mitigate,1
riskor,1
face,5
shieldno,1
safety,6
glassesif,1
fits,3
covered,1
hourswear,1
glasses,1
shield,1
wantn95,1
kiddofuck,1
beni,1
requires,1
little,3
consideration,1
zoomive,1
sent,1
emaildang,1
guess,1
lift,1
hardertake,1
big,10
gate,1
freeeeei,1
bar,4
aluminumim,1
happyi,1
dormhttpswwwzorocom3mn95disposablerespiratorswhitepk509105sig2183693oh,1
wants,6
try,6
theseoofok,1
anyways,2
kf94s,1
designed,2
general,3
population,1
which,3
accommodate,1
smaller,1
facesbro,1
imma,2
copy,4
slip,1
walletmhmyee,1
n95s,3
who,4
work,7
industry,1
tend,1
large,2
menits,1
important,3
youd,1
youve,1
described,1
fitting,1
surgical,2
leaves,2
huge,1
holes,1
doesnt,8
seal,4
alli,1
meant,1
where,12
itself,2
seals,1
example,1
protect,2
wellas,1
far,1
actual,1
goes,1
filters,2
lot,7
poor,1
air,3
around,7
filterrealistically,1
itrule,1
wise,1
medicalsurgical,1
kn95n95kf94,1
filtration,1
rating,1
nioshintl,1
equivthey,1
made,7
numbers,1
reflect,1
higher,1
transmission,2
rate,1
omicroncomrades,1
chart,1
httpswwwacgihorgcovid19factsheetworkerrespyeeeeim,1
tempted,2
reply,1
conceptually,2
exists,1
brobased,1
full,3
sisyou,1
beeg,1
chati,1
theyre,7
niceyoooooo,1
yeahhttpswwwamericanmeadowscomnortheastwildflowerseedmix,1
hmmmmmmmso,1
trueeyeshttpsenwikipediaorgwikiguerrillagardeningyalls,1
discovered,1
most,3
poggers,1
thingso,1
lungs,1
slorp,1
wrong,2
diethe,1
respirator,1
keep,6
inhaling,1
particlesdoes,1
else,2
questionsoof262245801416327169,1
learn,1
maskhellowait,1
whattwhat,1
skihttpswwwcalotterycomscratchers3tetris1483918540036792791050alsomy,1
sortedidk,1
cutehttpswwwetsycomlisting1056630903weirdtaxidermytheogermineslaprefshophomefeat3frs1bes1fuck,1
cursed,1
amazingive,1
calzonewait,1
actually,3
yesyesin,1
pizzawhat,1
aluminumfuck,1
100,4
pizzahttpswwwtsagovtravelsecurityscreeningwhatcanibringitemspizzais,1
kind,3
baseball,1
bathttpswwwtsagovtravelsecurityscreeningwhatcanibringitemsbaseballbatsi,1
raw,1
aluminums,1
staffkd,1
theyll,4
oversized,1
strawhttpswwwtsagovtravelsecurityscreeningwhatcanibringitemsbaseballbatsgib,1
thoughts,1
plsif,1
1ft,1
aluminum,1
odds,2
makes,6
checked,3
luggagelove,1
thatimma,1
rankyedef,1
thismaybe,1
thisthisyeah,1
cuteoh,1
nicejust,1
homie,1
keeping,2
homies,1
safe,1
brook,1
swaglike,1
emotonallydont,1
day,8
drink,2
bad,7
uiircso,1
beekeeping,1
shouldnt,2
bemushrooms,1
wasntfor,1
talked,2
weeks,3
agothis,1
foreshadowing,1
chaotically,1
queer,2
family,4
happeni,1
part,3
trans,4
few,2
hours,3
familyfirst,1
word,5
kept,3
mashing,1
center,2
suggestions,2
men,3
barrel,1
connector,1
charger,1
ears,2
version,1
bed,1
arts,3
crafts,3
perfume,3
cutting,1
fluid,1
artslike,1
adding,1
space,2
transbro,1
keyboard,1
correcting,1
transcript,1
scriptyeah,1
thati,1
think20bees,1
cred,1
thoyes,1
couldill,1
backall,1
yourswear,1
thenbut,2
red,1
onei,2
havefucking,1
itno,1
hat,1
thing288518699206443009does,1
beretnicebro,1
fever,1
dream,1
while¬øpero,1
porque,1
sabes,1
hablar,1
el,1
espa√±ollet,1
kate,3
parrotyesholy,1
game,1
slaps,1
hardjust,1
finished,2
superliminaloofhebnicethis,1
epicholy,1
shita,1
viseand,1
likedude,2
miss,2
having,3
bandsawlikealso,1
while,3
looking,3
holy,2
nice,5
ass,2
shops,3
classroomsüëçye,1
ok,4
sensethank,1
broohhh,1
sensemaybebut,1
very,11
surei,1
might,17
length,2
screwpls,1
helphttpswwwzorocombessey6inbarclampwoodhandleand2inthroatdepthlmu2006ig4407715what,1
throat,1
depth,1
meannot,1
likeisnt,1
gartic,1
phoneüç®beeegwildwoah,1
wldhmmyes,1
boats,1
coolmore,1
stable,1
qea,3
boatwhat,1
browhats,1
brooh,1
kd,5
boatyeetlitholy,1
amazingso,1
truemeanwhile,1
finding,2
shoes,2
size,2
allheelys,1
15ok,1
fuckreddit,1
heelys,1
thothen,1
dontunless,1
illegaldo,1
itjust,1
sendsadgelolokzuckthetokneeldaddy,1
zuckfacebook,1
owowoahbruhhhhhhdrugs,1
yayidk,1
doand,1
60at,1
whatever,3
leave,5
that262245801416327169like,1
35,1
fair50,1
traveling,1
lightfor,1
3,7
ppl,5
suv,1
paid,2
90,1
uberalso,1
booster,1
vax,1
yalllittsad,1
raytheon,1
noisesone,1
profspoggersgolfooffstickokayawebaboi,1
jacket,1
rowsame,1
plsi,1
sobish,1
comelol,1
whatsmaller,1
ajs,1
headits,1
likehmu,1
santa,1
hathey,1
headlol,1
whos,2
gonna,4
tell,5
them47,1
ozoliver,1
oilsanta,1
hatwhat,1
chadlol,1
sameas,1
judge,1
comradelittttor,1
notgod,1
bless,1
eyesalso,1
ignore,1
898299989443366952yuh,1
5also,1
sentcharged,1
bigger,1
sizecome,1
itjo,1
special,2
juice,1
herebro,1
yeahlitttnot,1
pichttpswwwredditcomrbirdingcommentsrbhri5isgallerytrueborband,1
oili,1
protein,1
shake180105249363591170ooflolwe,1
spit,1
20sü§îdont,1
date,3
roommatesno,1
reallydont,1
roommate265880496389619712,1
left,2
presentwhen,1
ofac,1
end,7
fridayfanficbecome,1
johni,1
wine,1
grape,1
juiceokdo,1
ice,5
packyesdont,1
bugs,1
fluoresce,1
under,3
lightmight,1
itdo,2
lightbro,1
cupim,1
proud898299989443366952yaydude,1
feels,3
emptyback,1
campusremind,1
january,1
thobetqualifications,1
owns,1
gamestop,1
stonkmaybe,1
likelol,1
jane,1
street,1
carpemaybe,1
internshipwooooüôÇ12,1
closer,1
working,1
corporatehey,1
knowyaycan,1
cheesecake,1
tooi,1
wait,8
hair,2
truly,1
unusual,1
colors,1
decide,1
thatooflunch,1
character,4
growth,3
happensugh,1
fine3,1
happensin,1
such,1
timei,1
done,5
littleat,1
inthats,1
crazybro,1
whatso,1
shorttimejust,1
zineim,1
freaking,1
substantially,1
morewhat,1
fuckof,1
classdude,1
only,6
leftok,1
viableohh,1
flight,5
tooputting,1
vulnerable,1
position,1
public,3
place,3
poggerskd,1
noget,1
resttake,1
pm825337906645827595,1
385264950479814666limitedtime,1
deal,1
billie,1
eilish,1
edition,1
echo,1
studio,1
highfidelity,1
smart,1
speaker,1
audio,1
alexa,1
httpssmileamazoncomdpb0939s1b5rrefcmswrapangltfabcdldd0g0dtewcam7154vmnvfuck,1
yeahyayflorida,1
üëÄwhats,1
companyyo,1
swagcheeseminecraft,1
laptophttpswwwbestbuycomsitegeogeobook120minecraftedition125inchhdlaptopintelceleronquadcoreprocessor4gbmemory64gbemmcminecraftgreen6462556pskuid6462556niceyuhtotally,1
sustainability,1
majorbc,1
brooke,3
obv,1
software,1
engineeri,1
supposeoofgunbruh,1
uberpoggersbro,1
backsocksborbthats,1
nameokladywifiaditi,1
pass,1
wellesley,2
studentoofholy,1
shitüëÄsleeeeepy,1
sheep,1
noisessameyuh,1
yeetyeet,1
yeeti,1
frenchive,1
decided,1
photohraphy,1
monthsnicesureyayalso,1
isps,1
making,4
hardseems,1
moveoofyou,1
machine,1
gun,1
trip,2
destresstbh,1
fixing,1
familys,1
internetyoure,1
paying,1
10,6
month,1
renting,2
oneoh,1
r,5
routerbut,1
shot,1
lolalso,1
calling,1
att,3
helli,2
internet,2
worse,1
connectivityi,1
happens,2
thatyupoofwith,1
wiresa,1
router,2
network,1
switchits,1
ethernet,1
cablenah,1
resets,1
signal,1
bullshitrouter,1
issues,1
oldthat,1
usually,2
fixes,1
modem,1
issuesthere,1
remote,2
resettry,1
accwhat,1
plug,2
white,2
boxanyways,1
brrfiberwhats,1
ponit,1
seems,3
complexwhats,1
plugged,1
italso,2
boxbro,1
fuckkindaunfortunately,1
yesits,1
gooddo,1
mugthank,1
youdo,1
private,1
poolbig,1
plusü§Æhoaswithgaspcommunitygatedaoh,1
godbro,1
break,6
ramenjust,1
any,7
printsfcrunchy,1
glassjust,1
smash,1
itaditi,1
creatinghell,1
yeahfwoot,1
texasif,1
cheap,2
doebut,1
texas,3
flag,3
knife,3
vibeyeyenah,1
blade,1
shape,1
fucky,1
ma,1
lawsnvm,1
thenwait,1
luggageluke,1
dirt,1
gas,2
station,1
you288518699206443009,1
knifehttpsiredditq4zf21pyfr081jpgaside,1
fromthiskd,1
horrornicewho,1
anything,10
drawingdrawitdofuckingthis,1
interesting,1
artistic,1
concepthmm1i,1
realized,2
1,5
emoteigohmurder,1
evidenceblood,1
bloodi,1
identifying,1
markers,1
changespoilersbc,1
likedo,3
yall,11
arcane,1
channeloofbryce,1
datacringeeepack,1
wifitrunkfoofyesok,1
swagyou,1
themfspritehavewecomeclaybro,1
haveswagwhat,1
doyaysomethingor,1
likebleachlikedo,1
cleanerok,1
goodget,1
litersureolivereasilyyesyupyeeeeeeetyeetoh,1
freecycle,1
existsidfksmh3,1
iircbeegyeetrid,1
burdenpls,1
dormyestubetubeoopand,1
toughing,1
itallegra,1
nasal,4
sprayi,1
doi,1
dummy,1
allegiesits,1
2it,1
helpsa,1
saline,1
waterits,1
likeit,2
helps385264950479814666do,1
spraywere,1
near,2
cvs,1
tonightkd,1
ride,2
outhi900472265701998622i,1
hasdw,1
bageli,1
did815311208617213963can,1
bagelclayanyone,1
hardware,1
storehawaiian,1
isthxjust,1
pizzaim,1
notdude,1
pizzasuresurei,1
downhow,1
muchin,1
case,2
target,10
audience,1
productcontext4th,1
havewhen,1
itwas,1
using,7
communal,1
oneyes,1
iyeah,1
fuckedoh,1
thought,2
waitlisting,1
diff,3
courselike,1
softwareyou,1
reg,2
creds,1
thinksameoofok,1
swagwhat,1
softdes,4
ug,1
getshit,1
insanei,1
17,1
seats,1
left288518699206443009,1
rightmig,1
fullyour,1
brim,1
connected,1
failednoi,1
awaredude,1
class,5
chillits,1
during,3
modsimif,1
ithere,1
took,5
mig,1
sheetidfk,1
thoand,2
process,2
againtry,1
deleting,1
login,1
credentials,1
itthen,1
connect,2
olini,1
devicesüòàonce,1
youre,8
outoliver,1
bribed,1
metell,1
write,2
bio537482538453696515alsowrite,1
itwrite,1
nerdholy,1
wtflol,1
accents,1
past,3
spam,1
filterswooooclay,1
someoneif,1
respond,1
call,4
againlibraryso,1
ppland,1
roleon,1
targetso,1
combine,1
free,8
shippingbrooke,1
group,2
channelniceholy,1
existshey,1
feeling,2
httpsmkohlscomproductprd3882417sharkrocketdeluxeprocordedstickvacuumhv322niceoh,1
ahirmake,1
fatherbetterlike,1
likes,1
grilled,1
cheesedoing,1
modsimbig,1
ooffor,1
sicknessesm288518699206443009,1
drugs,2
thei,1
read,5
slowstay,1
dormnomaybe,1
lathe,1
onehow,1
lose,1
itshould,1
posterwhy,1
hate,2
melk,1
s265880496389619712,1
537482538453696515,1
dare,1
youcancelleddude,1
wtfdanger,1
pumpkinbc,1
fridge,1
smalland,1
thsii,1
apple,1
ciderwhen,1
gocall,1
meok,1
sowhere,1
toookwhen,1
dueisha,1
costumecan,1
feedback,1
lunch,2
table,3
away,1
ethani,1
costumeebrookim,1
boreeddd¬∞uhh,1
late,2
asklittttyyyysadgenot,1
aaayou,1
aaaaaaano,1
aaanofuck,1
9,3
am930just,1
wake,2
amnooh,1
god11,1
everything2622458014163271692622458014163271693can,1
w,5
eyeliner,1
halloweenis,1
ideagiving,1
kids,1
electric,1
eelapparentlywe,1
finna,2
cream,2
rnwewdü™µ385264950479814666wewwwddddwoodbruhor,1
tmmrwnownowwwwwwwbish,1
testedlolfucki,1
thatmhmlets,1
itso,2
basedand,1
duck,1
itmake,1
couchwhat,1
likehmmnowe,1
pointwait,1
speaking,3
inooo,1
nicekd,1
smolso,1
truyesperfectlargyes537482538453696515,1
confirmi,1
wrote,1
why,10
thousand,1
timeslol,1
samebungercome,1
bruh537482538453696515can,1
clay,2
hereyeahsadgeits,1
legal,2
maits,1
campusseason,1
enemydo,1
pepperhereoliverrr537482538453696515were,1
between,1
west,1
n,2
hallsos,1
hoe,1
ethan,1
walked,1
usthx262245801416327169when,1
itvacuumeverythingcla,1
nowlolbungeryeeeyeah,1
oneabout,1
aheadhey,1
nerds,1
emailwhos,1
radiowhats,1
cameralollmaoyesbish,1
studiolmaofeel,1
outside,1
fresh,1
siswhat,1
dormopen,1
propped,1
openopen,1
windowshes,1
shammamammamamamammamamamamammamamamamamaishannno,1
behindat,1
pointi,1
procrastinate,1
modsimok,1
isis,1
dnd,1
overirlthere,1
cookiesdude,1
washed,1
sheets,1
niceit,1
tbhbut,1
nuggies,1
pizza,1
fries,1
salad,1
desserts,1
timewelcome,1
trimjust,1
reminder,1
trim,1
tiemyewhisk,1
awayyes,1
plsok,1
gnalso,1
show,4
chat288518699206443009,1
dipim,1
putting,3
inif,1
needs,4
shippedsmh,1
headi,1
saw,3
thissadgek,1
thxhey,1
221714093722173440,1
roomhey,1
tonight,2
anythingeither,1
infront,1
printers,1
iircbruhhhhhkd,1
smol,2
handsbro,1
liveswhere,1
again221714093722173440bryce,1
airlmaoooget,1
comradeand,1
uber,2
parents,5
pay,5
cab,1
insistentunderstandable,1
curious,2
ubertell,1
rude,1
part180105249363591170aditihttpswwwgooglecomtravelflightssraqktell,1
oneleave,1
countryask,1
200,1
cash,1
mexicoaaaaaaaaaaathats,1
heart,2
rateyisthose,1
3599noicehereim,1
instacart,1
soonish,1
minutesdoes,1
cvsbc,1
rowso,1
trueand,1
isopropyl,1
disinfect,1
iti,3
pack,1
injuriesrockcan,1
grab,3
kit,1
dormin,1
lounge,1
plslolyalls,1
saving,1
return,2
vendorsadgeyoooooo,1
yeetim,1
illiterateono,1
happenedso,1
truefuck,1
brokeaaaaaaaaaaaaaok,1
hilovelyyaynomobtain,1
meatokaywe,1
meatreport,1
331,1
immediately815311208617213963,1
815311208617213963,1
815311208617213963ass‚ù§Ô∏èmotherfucker,1
dmsshit,1
aint,1
adult,1
thenyou,1
thatyoure,1
adultthen,1
cryhave,1
tried,2
illiteracyso,1
true815311208617213963,1
youare,1
shitsame180105249363591170,1
rice,2
hot,5
choccy,2
somethingcome,1
observehey,1
everyone,3
addams,1
loungeno,1
bought,3
meatnomeatare,1
thereoof214133599421726721who,1
somewhere,2
bic,1
lightersor,1
130,1
amazon,1
warehouswsure,1
160noooooomaybe,1
thiszing,1
replacement,1
httpssmileamazoncomdpb084ch55nrrefcmswrapangltfabc0hg78sed0f641pfdwvgdpsc1wirecutter,1
nyt,1
succ,1
buckor,1
tuesbut,1
drive,7
usneedham,1
closes,2
pm537482538453696515,1
whenyou,1
samei,1
babby,1
ozzi,2
boxi,1
tokenshittttttt221714093722173440üòòniceget,1
by,6
timer,1
nordokwhen,1
60,1
minwheres,1
skydiopogvalid,1
broor,1
dontluke,1
sessionor,1
exhaustingis,1
meso,1
ideatell,1
wearingokguess,1
changingi,1
remembered,1
laundry,2
nightdo,1
skydio,2
later,3
tonightdw,1
dayluke,1
interviewnicelol,1
milkso,1
based189195543736614913,1
288518699206443009,1
timebrooke,1
youcriesaaaaaaaaaaaaaaaaaaaaaaaaaaaaaaaaaaaaaaaawhy,1
trainings,1
fullllluke,1
nissan,1
hireso,1
truemuddwhen,1
overnight,1
couchnot,1
shrug,1
discord¬Ø„ÉÑ¬Øbut,1
yeahmakes,1
sensewell,1
weirdoh,1
sodesperationlmaooooon,1
floor,4
igalso,1
likebro,3
crackhead,1
prospiethey,1
recess,1
1137,1
backits,1
goingyeahpoggershttpswwwyoutubecomwatchvgonpvqnv5cw385264950479814666everyonehttpswwwcommercesenategov202110protecting20kids20online20testimony20from20a20facebook20whistleblowersmhwhere,1
yallbud,1
sex,3
identitydorm,1
vibeswhat,1
tomorrowthats,1
earlybrooketonightbungersomeone,1
nordi,1
nordpoggersalc,1
üëÄsmh,1
deletsexy189195543736614913,1
comedo,1
meat189195543736614913maybe,1
meatsureaaaaaaaaaaaaaaaaaaasuckywaslunchits,1
badddhow,1
cold,2
rngoodmhmmmm,1
orientation,1
sbrookes,1
bathroomnookwhat,1
happenedsubmittedbrooh,1
fucks,2
sakeglad,1
hear,3
club,2
lead,1
nowbruhjust,1
executive,1
authoritywhats,1
sched,2
foundry,1
stuffthe,1
3rd,2
vaccum,2
broken,1
lmaoaaa,1
sadqea,1
noisesdude,1
thatyayor,1
igniters,2
workyeet,1
thereit,2
shoudl,1
tbhidk,1
cut,2
open,4
happensor,1
composite,1
shitsare,1
powderalso,1
jackik,1
rocketry,1
sciencefair,1
projectjk,1
dontuse,1
lighter,2
pu,1
brokd,1
whynicea,1
triplikewhat,1
toandrew,1
deadas,1
begoodyeah,1
sayingaaaaaaaaaaaaaaaaaaabrooke,1
purplehowever,1
increase,1
chances,1
success,1
within,3
color,2
rangei,1
purple,2
regardless,1
successbisexualno,1
rainbow,1
bi,1
flagfor,1
youi,3
care,3
works,2
ityou,1
pinkmy,1
whyjust,1
gib,1
tokeni,1
own,2
box288518699206443009,1
food288518699206443009nowsurewhen,1
spiders,1
chill,2
kill,3
itdayquil,1
tylenol,2
decongestant,3
expectorant,3
cough,3
suppressantcough,1
dropokido,1
sumnasal,1
decongestant262245801416327169,1
drugsbrooke,1
drugssadgego,1
clubwe,1
onealso,1
seen,1
purpleblue,1
champion,1
hoodie,1
itidk,1
urs,1
doesee,1
urscome,1
4thidfkit,1
corneri,1
grey,1
bag,1
floornowyayü´Äoofok,1
swagthe,1
boxdid,1
green,1
halli,1
walk,2
rightdude,1
knee,2
spinny,1
spintorn,1
ligamentgo,1
wellesleywe,1
geymy,1
leg,1
fuckeddyingf,1
chatrip,1
kneeits,1
movieanyone,1
zardoz,1
weekmilk,1
bedif,1
bowwor2,1
dollars,2
cardlikei,1
havel,1
ikyou,1
dry,1
cycle,1
wtfüò¶on,1
floori,1
washerüôÇit,1
brokenthe,1
zeemeetruuubroo,1
babbie,1
smhbro,1
toes,1
hurthe,1
mistakeapparently,1
lietfw,1
ishaan,1
lies,1
üò≠does,1
coffee,1
grinderin,1
dormalso,1
ran,1
coffeebrain,1
brrlol,2
medicate,1
rnalso,1
l8ramazingthis,1
isdude,1
cad,4
rnand,1
rni,2
cuban,1
cofeebrooke,1
coffeeemilkbunger,1
momentsameyisbut,1
personal,5
questionand,1
thus,1
must,3
consider,2
risk,1
mitigationits,1
cost,2
benefit,1
questionpurity,1
social,1
sense,2
constructthats,1
okbut,1
thereyou,1
drinkbut,1
talk,3
alcohol,3
partiesthe,1
nerd,2
school,1
marketing,1
ploy,1
students,1
hardjkjkbrbjust,1
schoolthis,1
okthe,1
oi,1
shitbrooke,1
alcmehit,1
happensim,1
saying,1
college,1
surprised,1
wasntwanna,1
30mini,1
fundude,1
collegealcoholconsumecome,1
cheeriosbro,1
rnare,1
desnat,1
donenicewhyare,1
okokwhat,1
tofinished,1
desnat2,1
howask,1
outsidebe,1
crimejust,1
ffsfucking,1
babbiesthe,1
line,1
longcla,1
nonuuucul,1
t,1
de,1
sactrue,1
ashould,1
fratin,1
480paddams,1
familyoh,1
sorryanyone,1
watchalabamaomg,1
lemme,1
read‚ù§Ô∏èyeah,1
boring180105249363591170,1
venmomanriqueill,1
youno,1
upfuk,1
umaya,1
empty,1
febreze,1
leftcla,1
whywhat,1
fuckzoomhi,1
ethanawweeeeeeeeecan,1
aaalmaooyuh,1
theythemnicesup,1
broid,1
say,4
tohmm,1
lil,2
roommateishor,1
whoever,1
roommate,1
isas,1
roommateokok,1
uimpostor,1
roommateno,1
roommatekd,1
showerlol,1
niceyesi,1
oliver,1
died,1
backgroundalso,1
yeskinda,1
growthlikethats,1
ikewhat,1
heels,1
grew,1
experiencesi,1
times,2
dumb,1
hoepersonallyoof,1
okwhats,1
aaaqea,1
scares,1
meewshould,1
tofam,1
passno,1
record,1
ajnot,1
tonightim,1
down265880496389619712katelol331legs,1
dedok,1
dormdo,1
velcroyaydid,1
poopand,1
pepto,1
bismoli,1
anti,1
diaherria,1
medsoofdo,1
melkhttpsphotosappgooglynug44xylknl2n2x9httpsphotosappgooglu2eq5jmgmtzwet5jaipls,1
gibmhmbut,1
yesnot,1
rnyesits,1
funtheres,1
museum,1
miamiwtf,1
creamkinkywho,1
hereits,1
üòâwell,1
meanyoull,1
bday,1
present,3
üòâchill,1
dadbrobirthsif,1
moist,1
worthu,1
tonightwhere,1
istruuuuuubrooke,1
vroombruhdelivery,1
service,1
sounds,4
funbungerdrug,1
timewhats,1
thislike,1
disposablecan,1
ijust,1
muglolbro,1
gooofnoand,1
birb,1
feederwhat,1
somehttpswwwtargetcompkayteewildbirdfood10lba11271173birbaaaaaaaaaaaaaaaaaaaaaaaaaaaaaaaaaaatoilets,1
gender,4
fuckkkkkkksmh,1
bother,1
bucket,1
pipes,1
piss,1
smhits,1
proven,1
fact,1
silly,1
things,5
lawsi,1
fishidk,1
somethingif,1
picks,1
likegive,1
callthey,1
stilland,1
telehealth,1
apptyou,1
sickyes781,1
2396363oofhelpcompany,1
asking,3
ithow,1
portfolio,1
quicklywowhmmhttpswwwnytimescom20220123uspoliticsbidentroopsnatoukrainehtmlthis,1
comradei,1
reassigned,1
availability,1
shityesi,1
sibbs,1
both,3
gendersshould,1
hoursyeah,1
extra,1
poggersjfc,1
tsa,1
agent,1
eitheri,2
tested,1
negativeand,1
busy,1
gateim,1
hearing,1
every,1
secreal,1
likeno,1
restaurants,1
eitherso,1
trueaint,1
lmaohttpstwittercomdrsarahwakemanstatus1482778570774745092stay,1
healthy,1
yallsnpmhmyeeso,1
mom,3
positive,4
already,3
symptomatic,1
starts,1
onset,1
symptomsshe,1
shithold,1
momcdc,1
sucks,1
communication,1
headyeetim,1
joking,1
reasonif,1
following,2
isolate,1
workwhat,1
days,2
symptom,1
startwuhan,1
whiten,1
tholook,1
floridanicehttpsabcnewsgocomustsunamiwarningissueduswestcoastalaskastoryid82282242cidsocialtwitterabcn3its,1
momentbut,1
please,1
unable,1
sickoh,1
yeahplease,1
dontbut,1
realisticallyin,1
theory,1
driveits,1
escape,1
flacomrade,1
pulse,1
oximeteri,1
hospital,1
bedswhat,1
countyuhhoh,1
noif,1
mass,2
fineuhwelloh,1
okok,1
meanare,1
yet,1
hotelanywaysbitch,1
gayfat,1
ripdid,1
gamergirl,1
toowelcome,1
ddid,1
orlando,1
dirtykate,1
covidwdymfor,1
anywayswellolin,1
deep,1
pockets,1
imagineikseems,1
reasonable,1
mehonestly,1
hole,2
hotel,2
nearby,1
flightsyou,1
rent,1
coastim,1
brohonestly,1
truelike,1
somethingwhat,1
vacationmy,1
condolencesthis,1
oof,1
shitgl,1
yallsits,1
coveragelike,1
company,5
website,1
covers,1
propertythrough,1
partyno,1
offered,1
property,1
insurancedid,1
insuranceoofbig,1
oodare,1
damagesbruhpogim,1
sending,1
thoughtsthey,1
goofedolin,1
ahead,1
angered,1
meagreedwildexpect,1
models,1
before,2
settle,1
variety,2
maskshas,1
foam,1
reusabilityrespirators,1
particles,1
n100,1
filtertc84a1298,1
httpswwwmcmastercom5450t28if,1
youif,1
account,1
zoro,2
50,1
min,4
shippingi,1
mcmaster,2
carr,1
grainger,1
magid,1
etcthat,1
org,2
poggersno,1
experience,1
siteok,1
returni,1
hop,1
vc,1
tonightmostly,1
store,2
partbut,1
tldr,1
buying,1
project,1
n95,5
forseable,1
future,1
jsut,1
trust,2
themi,1
middle,4
suggestionid,1
morezorodigikeygraingermcmaster,1
carrbut,1
likeigas,1
poggingno,1
themanywyasfuck,1
workmask,1
themyes,1
hello,2
dudegood,1
nolike,1
yesthe,1
problem,3
double,2
facedude,1
seriousor,1
intl,2
equivalents,1
whatnotso,1
psa,1
mess,1
protection,1
n95sfor,1
usebut,1
model,5
flu,1
transmissionyeah,1
serious,2
sir,1
coviduntil,1
offyou,1
transmissionbecause,1
covidyes,1
noyou,2
apply,1
ita,1
particle,3
brookeif,1
wears,1
covidi,1
modsimactuallysowaityet,1
accepting,1
merely,1
bitching,1
itthat,1
trueyesik,1
samethank,1
youbetterwell,1
soundswere,1
vibingok,1
longfucklearning,1
wisefuck,1
shitcovid,1
wisebruhhhhman,1
kentucky,1
stops,1
workingoofüò¶ah,1
sweet,2
warfarei,1
lollisten,1
ben,1
shapirohttpswwwyoutubecomwatchvjwsx2iqo1ksthis,1
jokeik,1
responsebc,1
prager,1
cancernoso,1
fuckbut,1
infrastructure,2
city,1
depending,1
carsbut,1
carsyo,1
carsnoun1i,1
thinkkelly,1
fight,5
overpowering,1
masculinityalso,1
quoted,1
person,2
oophe,1
stopped,1
thinki,1
angyhe,1
targeted,1
daysamelolthis,1
fuckedvery,1
hush,1
hushlast,1
channels,1
olinwell,1
fuckalthough,1
matter,2
other,2
places,1
importing,1
itif,2
export,1
education,1
schoolsmhmnot,1
lolcollege,1
justyesand,1
godsend,1
acceppressuredude,1
decisions,1
happy,2
rejected,1
mit,1
likeolin,1
saverupdootoh,1
happenedcrush,1
enemies,1
brookedw,1
server,1
super,2
deadfuckbro,1
listening,1
poggersüò¶idk,1
therefair,1
enoughyeahthis,1
2nd,2
voteaspenproconsumer,1
grade,1
dronesdoesnt,1
likeits,1
funny,2
haha,1
momentpogjust,1
sharpget,1
skorti,1
intense,1
needhave,1
polyamorythis,1
truebig,1
267,1
8868024,1
httpsmapsappgooglruuio3e7srlhzkm5aits,1
wall,1
stretisha,1
creamnicepoghttpstwittercomhowtoltstatus1486377068992602120tktc4wyxvpzowxyynujkjas19cone,1
bitcheshttpswwwredditcomrennnnnnnnnnnnbbbbbbycommentss25306ihopenoonespostedthisonheregay,1
coloringbro,1
scented,1
soapsnicewhat,1
smell,2
top,1
depotwe,1
originalive,1
jobs,1
govt,1
thinkyuhdont,1
jobssend,1
picschaos,1
üè≥Ô∏è‚Äçüåàaaaaaaaaaaaaaaaaaaaaaaaaaaaaaaaaaaaaaaaaaaaaaaaaaaaaaaaaaaaaaaaaaaaaaaaaaaaaaaaaaaaaaaaaaaaaaaaaaaaaaaaaaaaaaaaaaaaaaaaaaaaaaaaaaaaaaaaaaaaaaaaaaaaaaaaaaaaaaaaaaaaaaaaaaaaaaaaaaaaaaaaaaaaaaaactually,1
relate,2
thatalso,1
thatshit,1
funnyfaditi,1
object,1
damn,2
toynot,1
sale,1
smhthis,1
differentwere,1
piece,2
meatdont,1
objectify,1
headbruhand,1
preferencesyesfilm,1
reboundwait,1
specify,1
film,1
nerdfor,1
180105249363591170,1
woke,2
nap,1
agree1bi,1
cult,2
helloolin,1
shitload,2
bisexualshmmsocial,1
engineering,1
favorite,3
3iterationwoooohehethank,1
utwice,1
reason,2
3or,1
set,1
romantically,1
drug,1
contactnicehonestly,1
thatd,1
execute,1
wellmaybe,1
helpmethats,1
brainhas,1
dated,1
straight,5
personsilicone,1
pride,1
braceletsdoes,1
likerainbowup885795753145040916okmodsim,1
ca,1
suitelife‚Ñ¢Ô∏è,1
katefwop,1
polyculei,1
theoretically,1
pathway,1
path,2
cis,1
youpotentially,1
thenhow,1
christhats,1
hotwoahso,1
trueyeeeeshould,1
visiblequick,1
aside,1
topic,2
science,1
team,1
gave,3
programable,1
led,1
name,1
tags,1
reprogram,1
pronouns,2
onto,2
againoh,1
right,4
thereyeah,1
awlook,1
chief,1
discord,1
phone,1
introduce,1
grandma,2
pronounssemi,1
horn,1
usecontexthttpswwwredditcomrlgbtcommentsrcd9kscommenthntxxhvutmsourceshareutmmediumweb2xcontext3honk,1
honk,2
bitcheshttpswwwamazoncomseasensesl52272airhorndpb0019m3fkahugyeehave,1
gay‚Ñ¢Ô∏èpoggersjesus,1
christ,1
neutral,1
names,1
case‚Ñ¢Ô∏èor,1
neutralwhats,1
currentlyoofwhat,1
wouldreal,1
talkgood,1
namelargecockpogshit,1
whaccknowinglol,1
imaginebish,1
euphoricgaywell,1
youits,1
possible,2
kds,2
grand,2
friendly,1
gays‚Ñ¢Ô∏èno,1
likethe,1
gay‚Ñ¢Ô∏ènicehardpoggingshitgayfucking,1
itkate,1
gayhair552710076889301007nicequeers3thank,1
ulmao,1
niceeitheryes,1
üëâ,1
üëàpanera,1
breadadd,1
spreadsheethttpsdocsgooglecomspreadsheetsd13qrofoky61cgzttjtvyo3pnddqcea15jxryuycbgaedituspsharingim,1
placing,1
tomorrowthis,1
knowhttpswwwyoutubecomchannelucjlkwtg0iasmoq6hlht3caaidk,1
sausage,1
worksi,1
thinkput,1
casingand,1
canget,1
ground,1
beefgator,1
meatmeatgoing,1
gravybro,1
spanish,1
tvprobs,1
soonif,1
notyum,1
yum,1
dinnerewyesso,1
truein,1
north,1
lolshow,1
spanishhmmnotedhmmyou,1
seem,3
knowledgeable,1
regarding,1
heat,1
shit288518699206443009how,1
saunai,1
wrhttpswwwspeedruncompss2pinreallifesureanyone,1
lego,1
setif,1
bunch,1
staying,1
bostonhmmbut,1
covidwhat,1
plans,1
areyeah,1
seeaaaaaaaaaaaabrb,1
panic,1
allotted,1
minutes,2
panicoh,1
floridaoh,1
texasi,1
fineeeei,1
coolyeshow,1
legowe,1
burgers,1
currently,1
rawaj,1
desnataj,1
yule,1
logdidhe,1
eidshould,1
backi,1
jerky,1
winter,1
breaknowsoonsure,1
heck,1
browe,1
luggagei,1
downit,1
endedrnbish,1
sad,2
enwh2,1
anteloungeand,1
meolivercome,1
uswhere,1
atkdkkbut,1
domt,1
haveif,1
solo,2
cupsnah,1
stairsand,1
howl2938416547024076809pm,1
todaywho,1
anyhowor,1
12,1
amwhat,1
pop,1
punk,3
4,1
amplsi,1
modsimpls,1
task,1
masterhow,1
formulapoggerswait,1
1020pmoofüëÄbut,1
cest,1
viedisappointed,1
4hours,1
minutespop,1
doe,1
thinkcest,1
viewe,1
cram,1
b4,2
turkey,1
breakokno,1
standing,1
sgood,1
saltyessodiummmmmmbut,1
toi,1
willi,1
stay,1
lateon,1
fridaybuddy,1
flights,2
catchwe,1
methis,2
exxon,1
mobils,1
mixsome,1
her,3
pls180105249363591170,1
siswhen,1
freeaditi,1
foodsure,1
i‚Äôd,1
i‚Äôm,1
booked,1
wednesday,1
thursday,1
afternoonevening40,1
casewaitis,1
casewaitnow,1
wesentwhat,1
thoughtsyeah,1
again,2
wondering,1
friend,2
welcome,2
card,1
thank,1
mlolrthat,1
monstealso,1
stores,1
closerok,1
triphmmmmmcan,1
sodium,2
isi,1
thinkyuhi,1
doeso,1
thinmthe,1
dudea,1
grocery,1
triphe,1
owes,1
methat,1
borrowed,1
flashlightwaitwe,1
costcoif,1
vrroom,1
withbut,1
anyhowvroombro,1
justanythingjustcupsi,1
40,1
cupsi,1
shipment,1
cupsyeahi,1
dip,1
soon,1
doeyesadsaw,1
üëÄ385264950479814666,1
plsin,1
pint,1
rnwhat,1
timeunderstandablewould,1
brought,1
along,2
axe,1
sharpeningaxe,1
sharpening,1
sessiontuesdayhow,1
aboutheyyay,1
juicelol,1
punch,1
momenti,1
pastai,1
downbut,1
l8r,1
yesim,1
rnshitttl8r,1
thobut,1
ungodly,1
kraft,1
withsorryoh,1
rightcan,1
irl,1
plshow,1
patty,1
melts,1
288518699206443009costume,1
ideaok,1
goingjust,1
nap4ok,1
form,1
yallshttpsformsgleqq13q6bngpbedyia8but,1
closest,1
olindoesnt,1
vaccuum,1
anywaysyeahwho,1
haz,1
carand,1
tuesdayim,1
clear,4
banking,1
accalso,1
projectif,1
cashokim,1
costcook,1
thiccy,1
purchaseso,1
truethats,1
goodgoodand,1
lovei,1
choccyor,1
feelings,1
explodemy,1
cryits,1
always,4
wh331,1
cryquietim,1
crazy,1
drunkalso,1
defense,2
trainingcome,1
traininglittywhy,1
nothave,1
been,4
growththis,1
insaneaaaaaaaaaaaaaaaainto,1
likehopper,1
panickonly,1
hoppermaybe,1
fall,2
formal2nd,1
thotaaaaaaaafucking,1
fuckity,1
fuckoh,2
sake,1
hopperalso,1
formalyessi,1
dance,1
snap,1
half,1
againim,1
dyingwhen,1
sisi,1
downor,1
eating,1
vodkais,1
vidkawhyok,1
updvd,1
playeror,1
pirate,1
netflix,1
thokelly,1
dvd,1
playerkelly,1
compootrwherewhenaddams,1
famben,1
mushroom,1
fridayso,1
truei,2
burning,1
afternoon,1
stopping,1
selling,2
alc,1
underage,1
peopleit,1
carding,1
alcoholin,1
uswhat,1
declared,1
21if,1
21also,1
likeall,1
snitchdude,1
moneybruh,1
deadassfuck,1
shitethan,1
somethinghold,1
noooh,1
limesoh,1
noaaaaaai,1
outsidethe,1
survived,1
weeknew,1
religion,1
animegogurtdont,1
light,1
roombut,1
likeaditi,1
aim,1
condom,1
urinal,1
nvm,1
meantlmaoowhat,1
bout,1
ratswhere,1
yeeting,1
tobasedim,1
forsaken,1
landsame,1
isimbro,1
testedsickyeahalso,1
lockpicksknockor,1
baboor,1
doorcall,1
r2ripso,1
trueit,1
offlmaoooaint,1
contagiousyeah,1
mehmno,1
seriously,1
beat,2
living,1
upbut,1
physically,2
diekd,1
youthis,1
because,1
fightjo,1
winbut,1
jo,1
resilientbrooke,1
mei,2
terrified,1
fighting,1
brookewinner,1
gets,2
dr,1
peppernot,1
deaththis,1
liekfight,1
funthat,1
fairwhat,1
youhmmi,1
weakidk,1
fightpls,1
bite,1
mebc,1
fightbut,1
fightyes,1
capacity,1
yeetohkd,1
214133599421726721wait,1
whatbecause,1
fightthis,1
jokebut,1
fight214133599421726721,1
youspicy,1
wateror,1
waterindeedhot,1
texan,1
solving,1
shitso,1
truethis,1
trueoofpogfaaaaa,1
alcoholinterestingohhor,1
once,2
step,1
2nits,1
reasonablekeeping,1
vibesdrunk,1
testing,2
lineah,1
okie262245801416327169i,1
itis,1
room262245801416327169theres,1
tennis,1
court,1
netüéæaaaaaaaaaaaaaaaaaaaaaafuck,1
thisfuck,1
schoolfuckslorptrust,1
mecheese,1
answerreccordthey,1
havejust,1
stateamerican,1
airlinesidk,1
deltajust,1
bank,2
another,2
checkbooksigma,1
grindset,1
brololjoin,1
lockpick,1
discordi,1
lockpicking,1
locks,1
shitaditi,1
owe,1
30k,1
swooognyeetyayywhats,1
syrupripoh,1
nookwoooodo,1
lungswelpso,1
mucinexlike,1
acetaminophen,1
thinktheyre,1
combinations,1
individuallybut,1
thosedayquil,1
nyquil,1
without,1
sleepor,1
dayquilnom,1
melatoninlmaoowoahstatethisfucktfw,1
wearing,1
masksas,1
shouldhighschool,1
throwbackdo,1
breaks,1
woooogamerbecause,1
passenger,1
sickit,1
lovelyon,1
attendant,1
shitoh,1
bright,1
sidekentuckyyup,1
gaps,1
lungsssik,1
domesticare,1
findand,1
equivand,1
liek,1
n95sblehairportbut,1
likelike,3
finebut,1
domestic,1
sus,1
hellthat,1
scary,1
yesduring,1
scarcity,2
makeshift,1
overlike,1
protective,1
maskhonestly,1
exposed,1
airport,1
yallcries,1
floridalol,1
covidyou,1
wouldnt,4
download,1
merch,1
itemor,1
orders,1
worksand,1
ship,2
youlike,2
delivered,1
companytheres,1
forwarding,1
ityaybasedi,1
chaos,1
betterif,1
heads,1
upokkitchen,1
requiredbro,1
idc,1
loud,2
wendys,1
gay‚Ñ¢Ô∏èwhat,1
chaotic,2
bisexuals3honestly,1
265880496389619712,1
invite,1
bisexual,1
teach,1
pronounsgood,1
shitand,1
she,2
program,1
quickand,1
shut,1
remember,2
dang,1
hasbruhnah,1
sis,1
adam,1
steve,2
eve,1
üòédamnif,1
reading,1
grandpa,1
based,2
nope,1
hes,1
basedbruhi,1
thinkok,1
dad,3
itbruhkd,1
educate,1
üòà,1
soh,1
okiebruhitwhat,1
fuckkkkkthis,1
displeases,1
mecorrect,1
feet,1
awayhttpsenwikipediaorgwikilongrangeacousticdevicelrad,1
timefuck,1
sendhornairhonk,1
bitchesfuck,1
airhornedairhornbut,1
thereget,1
tranq,1
gunits,1
taken,2
fuckive,1
wood,1
spec,1
hand,2
hurts,1
sec,1
bandsaw,1
fuckfuck,1
power,1
sawslolooffnah,1
smoked,1
inbtw,1
293841654702407680,1
browhy,1
youoofoofyumbloodsalways,1
membersi,1
circle,1
thoughuhhhhlol,1
aditilol,1
nicesure,1
servewhat,1
flirtedlol,1
nicelolok,1
bitch,1
monitor,1
standfucking,1
itwoahyupcries,1
wave,1
erosionbut,1
zinethis,1
unrelated,1
mental,2
breakdowndude,1
zinepoggersokbruh,1
tension,1
barchad,1
momentyou,1
comradeniceyooofa,1
motion,1
sensorone,1
likeon,1
switchesthey,1
itphysicallylikeaditi,1
ar,1
eyou,1
okmat,1
labholy,1
matlabexperimentation,1
goodim,1
proudlolfdad,1
approvesthis,1
maine,1
igokwhats,1
default,1
list,1
ece,1
2022ooflmaoget,1
ems,1
quicklygood,1
nightenjoyjust,1
listen,1
timehow,1
teams,1
forim,1
lmaocomrade,1
energy,1
dwplzlolfilm,1
photographywoahniceaweyoo,1
poggersnicebucketaditi,1
whyokyeah330,1
pmor,1
outif,1
keysyesssindeedcan,1
corkcoaster,1
idki,2
cnc,2
mill,2
completetest,1
piecesi,1
hell,1
ofspeaking,1
shopfigure,1
letter,1
opener,1
rolls,1
semetersomething,1
workable,1
monday,3
afternoonpump,1
content,1
laterguess,1
figure,2
saturdayso,1
validlike,1
define,1
itoh,1
italrightwhat,1
modsimwhat,1
projects,1
anywaysi,1
sunday,1
afternoonhave,1
vacationplease,1
stop,2
workingexactly,1
bropopmake,1
itmaybe,1
bold,1
block,2
upi,1
blues,1
greys,1
greens,1
suitable,1
momentsit,1
old,1
timeyuppmy,1
brokeit,1
exist,1
level,1
yetjust,1
preferencei,1
usableif,1
aesthetic,1
forearly,1
2000s,1
processorlikecolor,1
scheme,1
bit,1
poggersyour,1
textidk,1
vaguemuchtooit,1
seemsi,1
man,1
poggerchampsnostuff,1
referring,1
decent,1
simplebackground,1
nonelike,1
visuals,1
refer,1
background,1
aestheticsi,1
gluefuck,1
indesign,1
pen,1
paperplane,1
hw,1
lolsincerely,1
collegelol,1
supposed,3
gesturei,1
bullet,1
shitsureim,1
broa,1
spacewoahidk,1
codesi,1
individuallyp,1
registeringwe,1
pray,1
claysadgeim,1
dead,2
seriousdude,1
drop,1
930clay,1
seat,1
ini,1
searchmech,1
proto,1
leftisim,1
goneholy,1
fastdwit,1
comradeok,1
coolam,1
pmthank,1
youhow,1
1st,1
groupsection,1
movewhats,1
againno,1
umbmboh,1
isimits,1
thursfixedyesbut,1
fineyeah,1
ik,1
thatin,1
normal,1
colleges,1
sections,2
timessure,1
loltheyre,1
timewaittheres,1
rightyeahoh,1
tomorrowi,1
ambitch,1
trackpads,1
shittylmaoosoftdes,1
intensifieskd,1
fucksameewaaaaaalolalthough,1
sensitive,1
peoplemy,1
rope,1
knots,1
extreme,1
topicheres,1
link,2
httpssmileamazoncomdpb009dp5p26,1
seriousness,1
copies,1
dmssmh,1
headyupdo,1
smut,1
detectionbryce,1
matlabwhy,1
ode,1
jesus,1
christüêêwoware,1
nordwe,1
dog,1
ahs,1
classki,1
subtracted,1
areasidfkcome,1
brumchmathsi,1
assumedpmodel,1
horse,3
spheremathkelly,1
wickedf,1
chat,2
video,1
dxgkrnlthis,1
carry,1
safetytrauma,1
shearslike,1
foot,1
fetishmhm,1
trukink,1
doemaybe,1
fetish,1
likeehhhhhits,1
homiesso,1
suffer,1
aloneare,1
nahkd,1
macwe,1
endif,1
pplmaking,1
likewdym,1
likesadgekd,1
aaai,1
thinkcuttingdrilling,1
side,1
boardbc,1
likeid,1
nottruhow,1
lmaolike,1
sideidk,1
boardbut,1
dowel,1
thicci,1
hingelikegood,1
noodle,1
moveaaaaaaaaaaaaaaaaaaaaaaaaaaaaaaaaahow,1
hingeidk,1
rows,1
frontpronounced,1
roachmr,1
rochreminds,1
marine,1
sci,1
teacherlolbig,1
brianlollldude,1
kid,1
coughing,1
oftenfsamesameeemake,1
lessor,1
likeyuh,1
howbrooke,1
vaccineeaaaaaaaaaaaaaawhat,1
1177trigger,1
elmolol,1
yeeeeelolbro,1
drew,1
wormbungeri,1
apparentlybut,1
bode,1
plotwoodid,1
sensor,1
outsideholy,1
sou,1
somethinglmaoooplitttyes,1
spammed,1
buttonim,1
problem262245801416327169,1
outfucluhhhelpand,1
itbc,1
exporting,1
bodies,1
stl,2
hardor,1
splitone,1
splitwhat,1
file,1
submitalso,1
com,2
above,1
below,1
cobwhat,1
yours,1
tilted,1
avsig,1
turn,1
likewe,1
cob,1
waterlinethe,1
isand,1
guidesame,1
hereooffwhatwait,1
itwhy,1
waffle,2
speakingso,1
truewaffle,1
chadi,1
fund,1
mans,1
dreamswaelfefletruecan,1
core,1
onegamer,1
momentblepwaosfjkwefaowehwafffleeehehewafflehttpswwwwonderfflecomi,1
thoyeshe,1
websiti,1
wafflei,1
dudewaffle,1
basedside,1
hustlewafflejust,1
crimemushroomtruswagfull,1
bishfucking,1
itme,1
toolmaothis,1
collegeyou,1
leaveasswooolitbro,1
chicken,1
redditlol,1
fuckedare,1
zoom,1
presentationso,1
muchsnowwoahwere,1
ninefoldgasoline,1
airfreshenerscheese,1
grateryisi,1
enoughfuck,1
transparentand,1
manuf,1
elsewherei,1
prototype,1
housesureu,1
meanbut,1
seeing,1
instead,2
alibaba,1
boxvalidbc,1
chance,1
designs,1
sentnot,1
changes,1
curioushypothetically,1
local,1
manufacturer,1
productsi,1
agreelike,1
ninefold,1
interestingpm,1
capitalism,1
moarthe,1
become,2
fathers,1
oil,1
baronbrooke,1
s2g,1
ultimate,1
capitalist,1
riotdangno,1
makelike,1
productsso,1
bugsbro,1
excited,1
pmpogbungerits,1
fuckload,1
moneyfthen,1
punched,1
blast,1
proteinsand,1
explain,1
functions,1
wrotehere,1
goti,1
16,1
proteins,1
thinkorf,1
orf,1
orforfsure,1
goodok,1
swagand,1
ctrl,1
f,1
lettersoh,1
sequences,1
onlinei,1
written,1
yearshow,1
essaylol,1
booted,1
vpnpython,1
writei,1
distractedi,1
thinkmy,1
soft,1
des,1
code,1
takes,1
min11am,1
thinkis,1
gene,1
function,1
foreverlizard,1
brrrrlook,1
gopithe,1
fucktermsmidwe,1
havedude,1
fuckso,1
trueabut,1
iseall,1
codjust,1
linefucking,1
essentially,1
lineimportbcits,1
lineyeah,1
trueonly,1
pythonno,1
brainlolin,1
python5,1
lineslikethat,1
usestheres,1
answer,1
thisi,1
likekewlis,1
implementations,1
fuckedassert,1
dominance,1
scream,1
louderdw,1
boardupdate,1
assignmentshow,1
liketype,1
lswhen,1
dueyeahbutnot,1
betterü§Æaaaaaaaado,1
worry,1
trainedthis,1
fortunatethank,1
fasteners,1
factorystill,1
differentto,1
push,1
harder,1
construction,1
hairdifferent,1
dna,1
yeshttpswwwamazoncomgpproductb08byz29d2refdbsadefrwthschvapitaftp1i7385264950479814666httpsdiscordggzfxypk3kwhen,1
strange,1
cosmos,1
appears,1
earths,1
annual,1
consequences,1
disastrous,1
night,2
vast,1
majority,1
humans,1
undergo,1
frightening,1
transforming,1
hateful,1
ragefueled,1
zombies,1
nothing,1
satiate,1
desire,1
brutality,1
understood,1
horrific,1
hysteria,1
demographic,1
effects,1
specific,1
cisgender,1
years,1
tragic,1
events,1
four,1
friends,1
across,1
spectrum,1
solitude,1
hunkering,1
desert,1
cabin,1
known,1
saturation,2
vaccine,1
available,1
curb,1
violent,1
episodes,1
predict,1
worst,1
others,1
falls,1
becomes,1
guaranteed,1
httpsfindminlibnetiiiencorerecordcrb4028950schuck20tingleorightresultux4langengsuitecobalt214133599421726721httpswwwamazoncomgpproductb07sssx2y2refdbsadefrwthschvapitaftp2i9httpswwwamazoncomgpproductb09mclrxtwrefdbsadefrwthschvapitaftp1i9288518699206443009lukehttpswwwamazoncomgpproductb08b386r6jkd,1
vcfinish,1
fuking,1
sentencewhat,1
itthats,1
poggerskate,1
yell,1
s265880496389619712whats,1
snackcrackheads,1
doingso,1
truehttpswwwamazoncomstuffedanimalslifelikechildrenbirthdaydpb093t52595shes,1
gunsomeone,1
emote,1
plshttpscdndiscordappcomattachments880230031119491102927672937522278460img20220103162040222jpg129026882971762689httpswwwamazoncomnyxmechanicaleyepencilblackdpb005g9e9awaaaaaaaaaaaover,1
discorddeadass,1
melissahttpswwwzorocomzoroselectbarstockaluminum60612x4in6ft1zdb3ig71280551012,1
artnicefuck,1
yeahimaginehighschoolanakin,1
cosplayim,1
dming,1
rn‚ù§Ô∏èspeeeeeeedsickoofaditi,1
wtfhorse,1
gifwait,1
aditi,1
nowdoes,1
gifjumpsports,1
balla,1
philanthropic,1
onebut,2
likecan,1
meth,1
dealerdndidk,1
forso,1
uhkinda,1
thoi,1
amkwdym,1
sheetyeokget,1
3isnt,1
saturdaymedragonyeethttpswwwyoutubecomwatchvnrwzff66qbkbro,1
whatnicelittyshelfchoo,1
choowoooooo,1
mehttpswwwwoodcraftcomif,1
tag,1
wewd,1
projectok,1
woodcraftooo,1
moneythat,1
reccsand,1
awayive,1
asked,2
lucas,1
itmhmmade,1
sadgeshop,1
wont,2
stockscrap,1
crapyou,1
headbandwe,1
orderp,1
mind,1
themthey,1
candle,1
shitor,1
maeve,1
oneinstead,1
candledo,1
lampyayit,1
comes,1
crackspooni,1
doeidk,1
tbhso,1
broi,1
chonking,1
stampmhmis,1
pla,1
absoh,1
interestingalso,1
linked,1
gold,1
thatyeyeyjust,1
thotand,1
spoon,1
firejust,1
sticksoh,1
gunif,1
prints,1
chanveglue,1
guns,1
hotthis,1
gunhttpswwwamazoncomenvelopegluesealingsticksamberdpb01mypxuwath1ok,1
ideabefore,1
millslike,1
stampsthis,1
actuallyno,1
stamp,2
materialso,1
smartso,1
truebut,1
parts,1
foodnon,1
stick,1
spraythink,1
benot,1
usefulik,1
evan,1
katelyn,1
yt,1
channel,1
separate,1
materials,1
silicone,1
moldsfreezing,1
doewhat,1
mold,1
release,1
stampbc,1
melt,1
muchlow,1
temp,1
wax,1
tbhor,1
low,1
waxbut,1
biglike,1
meltok,1
high,3
fillament,1
thoswait,1
icewaitmeltybc,1
cast,2
siliconein,1
durometer,1
siliconewe,1
printororyisbut,1
impatienti,1
precisemill,1
manual,1
cncwould,1
basically,1
crack,1
spoonwe,1
somethingi,1
trained,1
tuesdayfire,1
brri,1
fireill,1
‚ù§Ô∏ègaythems,1
bearingsfmore,1
doable,1
think12,1
is12,1
dia,1
boltpogwewdfyeefor,1
ones,1
geti,1
jordan,1
plasmaskim,1
againbruhi,1
thinkmoar,1
ampplasma,1
tolerancethis,1
relative,1
amperage,1
thinner,1
platewhat,1
queries,1
comradeokchemistryhttpswwwyoutubecomwatchvohqfgwv7ueslol,1
nicesmolao3,1
timebro,1
it262245801416327169httpswwwyoutubecomwatchvx172ocbdvdystraight,1
bangersit,1
costed,1
moneybc,1
o,1
thinkfor,1
lessyou,1
lilenylon,1
metal,1
slspla,1
shattersnoim,1
downüëÄknife,1
shopping,1
timemaybetotally,1
knifei,1
bunchbro,1
protectionyupotherwise,1
pogging,1
broonly,1
dayare,1
escorting,1
oliners,2
smhwooo,1
floorconsumeno,1
catnice‚ù§Ô∏ègoosequackpoggersquackyespop,1
2üëÄsameeeok,1
coolwait,1
dormsure,1
jiggerpls,1
lilyshit,1
hotlolawaweeeawwwwwwawwwwaweeeeevoid,1
chickenits,1
vibingquesoits,1
amazing3senddddogenicecaaaaatyes,1
ameverything,1
perspective20,1
lbs,1
smolsmolso,1
smolaweeeeeeplant,1
brrrr3come,1
180105249363591170niceüêùvroomfooking,1
itsuch,1
photonicepockysmhmaybe,1
didnt180105249363591170180105249363591170180105249363591170aditi,1
happenednicefbut,1
aurora,1
largrip,1
feeesh,1
shipyeah,1
star,1
trek,1
submarine,1
drama,1
iircfeeshthe,1
enterprisein,1
spacebut,1
submarineidk,1
igso,1
cruise,1
shipslorpfuck,1
lmaolmao288518699206443009httpssmileamazoncomdpb01jfwoubsloldog265880496389619712texas,1
288518699206443009nicewtfyoooo129026882971762689cursedddhttpswwwgovdealscomindexcfmfamainitemitemid38acctid9578dumpypost,1
main,1
chatso,1
truesexyso,1
truebc,1
applejack,1
jackwe,1
ojelolyooo,1
poggerscrane,1
momentsheeeesh,1
lukehonk,1
honklol,1
whotarget,1
15,1
minutesthe,1
potthis,1
trueyeahfuck,1
yeahhttpswwwbensoriginalcomriceproductsreadyricebtw,1
rlly,1
microwave,1
ricei,1
firecode,1
violation,1
spring,2
doethats,1
idea221714093722173440putting,1
foods,1
timeüëçhttpswwwtargetcompsaltedbutter1lbgoodgather8482a54445965lnksametabüëçno,1
rush,1
classes,1
mondayye,1
shoot,1
product,1
namequantity,1
tack,1
orderputting,1
evening,1
daypogdoes,1
ends,1
delivery,1
afternoonso,1
exempt,1
jet,1
planea,1
religionmhmdoes,1
targetyou,1
venmocash,1
mesend,1
linksbrandsnames,1
add,1
orderdoes,1
targetalso,1
tonightokanyone,1
anythingputting,1
shipping,1
nightgamergamerthe,1
brownie,1
creamjust,1
lotion,1
broyesyeahhow,1
interpret,1
wordsmetal,1
flexible,1
onesarent,1
likedang,1
bro825337906645827595,1
üíßnicedrugs,1
yeetpoggersyeet,1
stomachbro,1
foodwooooooooogarfield,1
woooo7867044628what,1
tutorial,1
hurt,1
somethingand,1
subscription,1
paywallshttpswwwtheduchycomif,1
tutorials,1
herei,1
longaditi,1
spoiler,1
itnorip,1
magikarplmaodangyaylol,1
itfun,1
fun,1
enoughthe,1
insertable,1
joystickso,1
likebased,1
asfbro,1
metric,1
cmonok,1
question,1
marklolcum,1
momentyayis,1
protocol,1
kicking,1
inpoggers180105249363591170wait,1
wdym,1
covidlol,1
vibingbabson,1
health,1
covidno,1
viral,1
kinkypls,1
dontno,1
sickthe,1
contains,1
roomsim,1
giving,1
resources,1
roomsome,1
optionshttpswwwolinedusitesdefaultfileswh3jpghere,1
gohttpswwwolinedusitesdefaultfileswh4jpgno,1
shame,1
redirection,1
resourcesbut,1
roomno,1
kink,1
shamingooprankrankrankrankrankrankpogrankyqyranksadgeeerankrank,1
