dark,1
purple,2
it,44
will,8
probably,2
get,13
lighter,1
anywayi,1
have,28
too,8
please,10
dont,5
be,60
disappointed,1
in,37
me,17
im,42
trying,4
my,37
besti,1
could,8
for,46
the,79
tiniest,1
of,39
roles,1
i,116
also,17
really,13
want,19
to,112
help,6
build,1
setfunny,1
story,1
thought,2
ishaan,1
was,19
asking,1
actual,1
telegrams,1
email,2
then,5
isha,8
explained,1
that,31
another,2
digital,1
connection,1
platformhappy,1
new,3
year,1
est,2
peoplevery,1
much,11
not,24
raining,1
herehttpsphotosappgoogl3xhdp7uhbzarvp4x5im,1
on,13
way,4
nowi,2
can,28
there,9
thenyes,1
manymostly,1
and,59
kd,4
because,11
they,11
arent,2
givingreceivingwould,1
possible,2
one,11
normal,2
mexicanit,1
is,39
minemale,1
lesbianswould,1
borrow,2
your,8
vacuum,1
sometime,4
next,6
few,2
days,1
just,22
whenever,3
you,48
chance,5
lend,1
mesela,1
take,4
a,82
picture,2
with,19
hat,1
if,27
she,3
wantsim,1
so,41
sorry,6
therapy,1
right,7
now,14
give,2
permission,1
kill,1
mechristmas,1
okay,3
makes,3
stocks,1
go,6
up,6
albertdolphins,1
are,36
real,2
dogsfor,1
context,2
talking,2
about,8
casual,1
cannibalismthe,1
earth,1
toast,1
kdyeahtrueradio,1
demoneffort,1
bad,5
oliverhttpsdrivegooglecomfiled1oryoj3qstebltgjsxknwabtqg3or3kqviewuspdrivesdknice,1
niceyeah,1
we,12
heard,3
people,22
moving,1
around,1
room,6
figured,2
were,6
awakemy,1
apologies,3
letting,1
down,4
todaynoooooooim,1
should,11
gone,1
checked830,1
awakeok,1
mission,1
accomplishedthe,1
door,2
taped,1
open,1
enter,1
roomshould,1
keep,1
knocking,1
at,13
until,8
answer180105249363591170,1
awakebut,1
yes,2
wake,1
when,8
wantyall,1
freaking,1
insane,1
oh,2
goshi,1
awake,2
thenthat,1
sounds,3
awesomewe,1
single,1
entity,1
has,6
taken,1
two,1
physical,1
forms,1
discord,1
accountseventually,1
going,16
cease,1
an,6
autonomous,1
person,5
extension,1
youtally,1
students,1
10,3
teachers,1
2,4
other,5
1making,1
crepesgerman,1
pancakes,1
wh,1
kitchen,1
anyone,15
would,18
like,16
joinwould,2
willing,1
shop,4
buddy,2
todayyesss,1
this,18
100,1
seriouslyüé®my,1
apologieswait,1
nevermind,1
may,16
more,4
qea,1
office,2
hours,2
need,5
finish,1
last,6
coding,1
sectioni,1
join,10
yall,5
as,10
wellmy,1
already,1
ateisha,1
calls,1
brooke,3
bambam,1
their,3
initialsthat,1
very,14
coolah,1
thank,9
muchhellooooyesburns,1
betterim,1
sorryaaaaaahhhhhh,1
thats,16
terriblehonestly,1
werent,1
super,6
far,4
off,1
went,1
bed,1
1230when,1
come,4
back,7
from,9
lunch,1
interested,4
spinning,1
while,2
w,1
kate,5
myselfyes180105249363591170,1
what,10
curlingthat,1
cool,5
dragons,1
awesomeüëè,1
üëèaaaaaaaaa,1
stressful,1
timesi,1
shouldnt,1
tried,2
but,25
loved,1
giving,3
myself,2
work,6
high,1
schoolindeed,1
made,5
life,2
nightmare,1
by,8
doing,3
ee,1
spanishyeah,1
gave,2
spanish,4
dictionary,1
business,1
trimesterit,1
fun,3
write,1
though,2
gay,1
movie,3
directorthe,1
grade,2
got,7
d,1
15,1
page,2
externally,1
graded,1
essayi,1
did,3
combo,1
blue,1
red,1
its,14
pretty,4
hands,1
look,2
murdered,1
someone,7
didnt,2
wear,1
gloves,1
usualyes,1
vote,1
bluepurple,1
ganghiiiiyeessssshere,1
diurnal,1
eidolon,1
entropy,1
epiphany,1
kismet,1
kyphosis,1
tautology,1
tomboloill,1
ton,1
great,3
wordsmy,1
time,5
comenooooobut,1
wait,1
5th,1
novembereveryone,1
does,5
clean,1
black,2
mask,1
use,3
wired,2
performanceselayayhow,1
do,21
make,5
reaction825337906645827595,1
procrastinationholy,1
mother,1
hell,1
amazingi,1
wouldnt,1
noticed,2
1am,1
night,3
havent,4
left,2
todayhi,1
majoring,1
robotics,1
andor,1
sustainability,1
dad,2
actually,4
jokeah,1
annoyingi,1
mean,5
better,4
class,2
doesnt,3
start,2
mewe,1
it384470246142246912i,1
paid,1
cash,1
think,7
accept,1
eitheraditi,1
white,1
aski,1
all,7
amazing,1
everyone,3
shared,1
such,2
powerful,1
stories,1
social,1
issues,1
stick,1
mindsuredefinitely,1
personally,1
find,5
entertaining,1
completely,1
meritedthis,1
isnt,3
rightsurei,1
saw,1
subject,1
read,4
yetindeed,1
likely,5
free,15
most,5
later,2
nights,2
weekend,1
after,10
burn,1
tomorrowwas,1
dining,2
hallyes,1
younoooooyesif,1
totally,3
fineanyone,1
bring,2
some,5
food,2
tent,2
inside,3
feel,7
kind,2
dizzy,1
nauseous,1
nowthank,2
still,6
working,1
peoples,3
measure,1
soonill,1
puzzle,1
east,1
hall,1
2nim,1
currently,3
eating,5
outside,1
youd,2
mei,1
vounteerit,1
worth,2
dumplings,1
consolation,1
hopper,1
lost,2
cause,3
yeti,2
know,11
why,1
treking,1
mac,1
west,1
hallpor,1
qu√©i,1
haveare,1
ya,1
tell,2
us,3
answer,4
youre,7
expectinganyone,1
dinner,6
soonif,1
wants,4
over,5
watch,4
hoursbrokeback,1
mountain,1
imdbyes,1
no,4
idea,4
how,6
thoughit,1
happening,1
well,4
complicatedi,1
cant,5
speak,2
else,4
hope,1
agreethis,1
true,2
support,1
decision,1
easy,1
whileplease,1
try,2
benefit,1
mostthats,1
awful,1
katehi,1
leaving,2
without,2
followup,1
fine,11
crisis,1
been,3
averted,1
house,2
longer,1
danger,1
explodingthank,1
staying,1
neighbor,1
parents,2
figure,2
situation,2
outive,1
forced,2
out,7
filled,1
propane,1
gas,1
return,2
funthey,1
switched,1
asked,1
wanted,5
talk,2
told,1
them,5
muchi,1
registration,1
closed,1
ill,6
send,2
emailok,1
emailing,1
registrar,1
mention,2
specific,1
personyes,1
mechprotodoes,1
formal,1
silver,1
bullet,1
or,10
pertains,1
mostindeedyeai,1
bear,1
witness,1
funyay,1
goodmy,1
primary,1
problem,1
dislike,1
confrontation,1
than,2
am,6
discomforted,1
him,6
stuck,1
tolerating,1
timeim,1
seeing,1
lot,4
semester,1
both,2
mechproto,2
enthusiastic,1
machinesi,1
nice,3
week,2
before,1
learned,1
hes,1
hurt,2
beginning,1
even,2
again,3
phase,1
avoiding,1
completelyher,1
name,1
andrea,1
seems,1
nicei,1
changed,1
therapists,1
making,3
yoy,1
different,1
peopleanybody,1
advice,1
ask,4
therapist,1
change,1
wonderful,3
id,7
appreciate,1
any,5
wondering,1
contact,1
overall,1
coordinator,1
who,4
initially,1
paired,1
insteadagggggghhhhhvery,1
indeedsame,1
here,3
only,1
thing,4
missed,1
mountainsskyyes,1
love,8
thatah,1
good,7
doaaaaaaa,1
nooooo,1
gah,1
annoying,1
same,2
ive,9
needing,1
deal,1
workyayyyyaww,1
amazingyaywhere,1
event,1
description,1
outeyy,1
coolwas,1
planning,2
7,1
tonight,5
themmedium,1
spice,1
memay,1
s1,1
shrimp,1
younevermind,1
ethan,1
showed,1
maybe,1
others,1
joinplaying,1
secret,1
hitler,1
wh3,1
al,1
folks,1
possibl6to,1
save,1
theni,1
definitely,3
wouldjust,1
second,3
broken,1
bent,1
learn,2
againmay,1
comeyay,1
muchwhen,1
finished,1
commission,1
5,1
minutesironically,1
coursemy,1
teacher,1
always,1
used,1
say,3
usdo,1
coolif,1
530,1
youanyone,1
elseyes,1
ishaanyone,1
getting,1
sooni,1
regrettably,1
shall,1
hermit,1
bit,6
longersureid,1
wellhave,1
drop,1
couple,1
minutesim,1
wellsomeone,1
determine,1
constitutes,1
eveningi,1
dayare,1
parties,1
tomorrowwhen,1
tomorrow,5
works,2
perfectly,4
wellyessoh,1
gosh,4
yesyou,1
stellar,1
pointaww,1
sad,1
againim,1
earlier,2
wellmaybe,1
5pm,1
wellsadim,1
flexibleyayid,1
happy,4
something,1
anytime,3
freetonight,1
anything,3
weekendive,1
unfortunately,2
rehearsal,1
800,1
10anyone,1
hot,1
chocolate,1
party,1
sodium,1
milk,1
hallwere,1
upstairsmeok,1
sleep,1
see,3
lateryeah,1
goodvery,1
funisha,1
awakehiiiisuresure,1
where,3
meet,1
youi,1
notably,1
carlessthat,1
pitch,1
buy,1
itthe,1
drinkalso,1
relateyeah,1
stay,1
awaythis,1
question,2
lounges,1
walking,1
through,1
lottonight,1
doneeither,1
those,1
metomorrow,1
friday,3
ofac,2
peoplewait,1
pop,1
punk,1
partyor,1
ofaci,1
inthe,1
evening,2
wednesday,2
9,1
thursday,1
7sure,1
locationoh,1
goodi,2
wouldhopefully,1
soonyes,1
confirmedok,1
hopefully,2
group,1
place,1
yalli,1
able,2
deciding,1
factor,1
whether,2
point,1
modsim,1
baja,1
outtrue,1
reset,1
things,2
doctorsyou,1
gain,1
jumping,1
into,2
middle,1
ones,2
seasons,1
click,1
together,2
wayexcuse,1
doctor,2
whoits,1
during,2
glass,2
club,1
thoughsleepits,1
anyway,1
ticketbrooke,1
20,2
minutes,1
hang,1
courseok,1
youve,1
plans,1
availableyeah,1
looked,1
gleaned,1
deep,3
goes,1
watching,2
honestlyim,1
seen,2
first,2
woulddo,1
follow,1
ticketsi,1
therenonalcoholic,1
gang,1
winyesi,1
meant,1
apple,1
fineill,1
soon,1
startyes,1
canwhen,1
4th,1
floor,2
lounge,2
bestid,1
tookay,1
watchid,1
waiting,1
returning,1
late,3
eveningwhen,1
returningwould,1
tomorrowi,1
cups,1
possibly,1
bowls,1
update,1
biti,2
hate,1
tiny,1
bendable,1
nailsi,1
hammer,1
found,3
todayi,1
technology,1
hard,2
notionif,1
skiing,1
channelüíîthat,1
funnyi,2
rid,1
likedaniella,1
called,1
morning,3
keeping,1
tallyaaaa,1
sorryrizza,1
her,1
mind,1
turning,1
himi,1
sort,2
sahil,1
wrong,1
thoughi,1
worse,1
confused,1
nope,1
forgot,1
remarkingguess,1
mistaken,1
yesterday,1
student,1
our,3
funnythe,1
psychological,1
questions,1
terrible,1
timethat,1
coolhey,1
meanthats,1
away,1
lock,1
picking,1
thingsyesalso,1
music,1
demand,1
forever,1
musthavelike,1
theoretically,1
books,1
sunlight,1
foreverwhat,1
promised,1
hereive,1
mental,2
breakdowns,1
problematici,1
missing,1
conversationüëçthats,1
rough,1
sorryaaaaaaahhh,1
sorrythank,1
youaaaaa,1
school,1
literally,1
torn,1
entire,1
apart,1
looking,1
theyve,1
either,1
panicking,1
bitsaaaaamecane,1
sugar,1
helps,1
burns,1
mouth,1
lessyeah,1
lab,1
lecture,1
passionate,1
pursuit,1
fire,1
staff,1
happen,1
dowell,1
entirely,1
blindthank,1
brookeindeed,1
dothank,1
youif,1
binder,1
desk,1
it903649032549826580,1
personal,1
aaa,1
assignment,1
sheet,1
handy,1
seem,1
mine,2
public,1
unfortunatelyledouxsynaptic,1
selfthe,1
cas,1
gifts,1
worldyes,1
due,1
tuesdayi,1
review,1
post,1
linksoh,1
feedbackalso,1
skim,1
longthank,1
feedback,2
implement,1
fragmentedwould,1
witting,1
revise,1
essay,1
feedbacksame,1
honestlythats,1
doneyayi,1
believe,4
zero0i,1
matlab,4
stuff,1
startedi,1
forget,1
whyi,1
number,3
3s,1
0please,1
let,1
trouble,1
reading,1
anythingim,1
nowsureim,1
confusedi,1
uploading,1
script,1
copied,1
bookthats,1
thanks,1
anywaydoes,1
desnat,1
schedule,1
themthe,1
rightbetween,1
3,1
35that,1
fairis,1
equation,1
amplitude,1
input,1
supposed,1
bode,1
plotokay,1
bitim,1
7of,1
coursei,1
done,1
math,1
yet,3
heres,1
plotif,1
correct,1
share,1
yougood,1
questionaditi,1
welcome10,1
kohm,1
potentiometertheyre,1
accepting,1
basically,1
exporting,1
word,1
docs,1
pdfs,1
submitting,1
livescripts428,1
agreesorry,1
bearer,1
news,1
folksthey,1
sent,1
message,1
meeting,1
zoomthe,1
quiz,2
require,1
book,1
exercises,1
firstyay,1
ofc,1
pleasurei,1
assume,1
one2if,1
put,1
units,1
itll,1
mark,1
wrongyeeethe,1
forces,1
perpendicular,1
345,1
triangleits,1
theres,1
backwards,1
helpexplanations,1
servicesamemapping,1
parcel,1
b,1
funi,1
looks,3
dimensioning,1
meif,1
drawing,1
daniela,1
appalledindeedi,1
had,1
inspiration,1
liked,1
eg,1
icarus,1
toothless,1
whooh,1
breakdown,1
nowexcuse,1
sureaaaaaa,1
youim,1
clubi,1
noonishhi,1
anybody,1
label,1
items,1
solidworks935560378937638912,1
nord,1
12pm,1
lecturethat,1
fairthank,1
youfair,1
enough,1
sure,1
personif,1
nordi,1
815311208617213963,1
isboxesah,1
muchthat,1
muchwait,1
tutorials,1
code,1
generalare,1
platform,1
taller,1
you265880496389619712,1
daisy,1
chain,1
unravel,1
dart,1
reknot,1
itim,1
stuffed,1
animal,1
library,1
wheneverid,1
doneaaaah,1
became,1
spin,2
assassinatedill,1
otherwise,1
occupied,1
momenti,1
practice,1
dragonstaff,1
methat,1
somewhat,1
usefuli,1
cleaned,1
eaten,1
yetwh1,1
loungeüî•outside,1
wh1,1
loungeüî•kd,1
prop,1
closet,1
nowdo,1
under,1
currentlyhi,1
playlist,1
songs,1
performed,1
httpsopenspotifycomplaylist0nq7s2ibfszj7olnbdgl8ysi6gy4gu0es76o8lgz9cmhjautmsourcecopylinkprobably,1
730üî•üî•1st,1
rainy,1
outsideüî•i,1
diana,1
performance,1
song,1
thoughexcept,1
laughing,1
loudlyhonestly,1
glad,1
microphone,1
couldnt,1
heardthis,1
ever,1
seenblue,1
hills,1
logo,1
biggest,1
appear,1
compensating,1
lack,1
terrain,1
snowthe,1
comparison,1
three,1
places,1
skiedthank,1
muchhi,1
responded,1
realize,1
list,1
part,1
character,1
sheetokay,1
saturday,2
bryce,2
maya,2
oliver,2
sela,2
aditi,2
sunday,4
andrew,2
jo,2
kellyi,1
updated,1
kelly,1
aditihey,1
luke,1
oneshot,2
problematic,1
never,2
payed,1
dd,2
beforethat,1
coolhow,1
friend,1
painting,1
honestly,1
amazed,1
every,1
anythingi,1
wish,1
draw,2
thingsi,1
sit,1
long,1
stretches,1
often,1
habit,1
movieheck,1
yeah,1
wonderfuli,1
dons,1
emailed,1
faculty,1
member,1
recommended,1
nate,2
approve,1
applicationmarys,1
area,1
expertise,1
laser,1
printersi,1
reached,1
mint,1
he,2
respondedi,1
didok,1
ideaim,1
orientation,1
spots,1
trained,1
semesteraaaaaaaah,1
wood,1
training,1
badly,1
busy,1
sadnessaditi,1
opinions,1
dinosaursnext,1
questionyesoh,1
pilot,1
show,1
badlyyes,1
nowgoosecaaaatcaaaaatyes,1
domy,1
photos,1
sending,1
homeniceawe,1
doggoyou,1
shouldi,1
home,1
snowingnice,1
nicename,1
doggodoggoshes,1
cute,1
holecaaaaatmy,1
cat,1
small,1
weighs,1
poundscaaaaaatvery,1
coolnooooo,1
whyyto,1
whowas,1
thr,1
httpsyoutubezillwwe2q4,1
bo,1
burnham,1
helpme,1
