whatnot,1
once,5
in,184
22,2
thousand,2
words,7
did,28
pog,2
get,58
usedalso,1
making,12
the,548
cut,5
is,254
number,3
64,1
and,214
letter,1
qits,1
official,2
guys,11
nudity,1
a,375
gamer,2
wordhonestly,1
if,96
you,254
attend,1
parties,3
are,80
against,5
ending,2
masking,1
then,45
youre,17
kind,13
of,233
hypocritecan,1
confirmfeel,1
free,6
to,449
spread,1
it,231
around,8
tooshould,1
be,147
fineidk,1
its,68
not,124
like,142
an,46
olin,15
serverthe,1
got,35
pretty,8
much,27
everyone,12
on,119
last,8
year,4
apparentlyhttpsdiscordggxmhchxhw,1
summer,2
research,4
serverwhere,1
statslolthats,1
so,64
funny,5
kealso,1
course,11
student,2
government,1
constitution,1
lives,2
githublol,1
i,372
voted,1
honor,1
boardbut,1
dont,75
surprised,2
news,2
breaksdubiously,1
confirmedqueen,1
elizabeth,1
dead,2
possiblypoggersjoseph,1
found,2
my,120
mousecould,1
send,12
me,73
chrisi,1
amyeah,1
im,99
huge,3
fanive,1
listened,1
that,161
song,2
many,8
times,4
but,88
never,21
read,6
documentits,1
great,3
nothing,5
else,8
look,16
at,96
2,43
pagesthis,1
one,41
greatest,1
things,14
ive,17
ever,21
readpepsiarnell0211091pdfpcr,1
negative,3
am,15
freenegative,1
rapidi,1
would,54
personally,1
thank,5
joe,1
biden,1
for,145
doing,24
what,52
all,53
other,17
american,1
presidents,1
have,143
been,43
too,28
scared,2
tosoon,1
required,3
allimportant,1
announcemen5happy,1
new,14
yearso,1
weird,5
think,63
hour,10
will,44
no,32
longer,2
2013please,1
dm,4
meif,2
anyone,25
talented,1
or,39
even,19
barely,3
capable,2
music,2
composition,1
help,8
highly,1
appreciated887086756653043782,1
musical,3
outline,2
done599790636320686088,1
815311208617213963,1
129026882971762689californians,1
cryingthe,1
cheese,1
put,23
kitchen,5
were,27
burgers,2
tonightbumping,1
thiseveryone,1
venmo,2
lukewitten1,1
850,1
andrew,11
sonnetsleeptheyrw,1
gonna,40
badge,2
by,21
mulethe,1
postal,1
workersthink,1
trucksthink,1
international,2
agreementsit,1
could,40
crumble,1
any,18
momentno,1
online,3
ticketswhy,1
do,113
they,50
gotta,3
ship,2
youooh,1
when,26
itstop,1
lying,2
just,99
stopnooooooooowtfhowhowwtfthis,1
joke,2
please,4
comelol,1
wanna,3
come,18
infra,4
see,31
zines887086756653043782,1
party,10
652,1
pm,10
ac,1
gender,1
restroom,1
with,87
urinalshes,1
happy,3
enoughyou,1
know,50
whatwtfwhy,1
does,15
son,1
sadeveryonemyson918604862730698752fuckyzines,1
due,5
todadid,1
yall,36
zines,1
todayi,2
saw,4
joalso,1
gift,3
exchange,1
mac,3
128punishment,1
must,5
profess,1
your,56
love,12
shamama,2
via,1
poem,1
about,66
her,16
writeofc,1
btw,3
dream,8
vs,2
x,5
hunters,1
always,10
üî•punishment,1
tbd887086756653043782,1
sneakathon,2
10th,1
11,5
chance,4
guess,9
who,28
person,10
before,23
we,74
unwrap,1
correctly,1
sneaker,1
punished,1
incorrectly,1
punishedyeah,1
rocking,1
it887086756653043782get,1
ready,6
30,3
second,5
videothank,1
attended,1
drum,4
especially,3
177560170656694282,2
825337906645827595,5
537482538453696515new,1
plan,4
after,21
ofac,4
eat,6
illbpong,1
well,17
start887086756653043782,1
impromptu,1
immediately,2
back,17
from,30
probably,14
6,8
630,1
drunk,9
tetris,2
until,6
over,8
meet,4
first,11
floor,8
loungeyou,1
stick,2
plates,2
dishes,1
mouth887086756653043782,1
react,3
this,110
split,7
serenadeup,1
artistlies887086756653043782,1
signed,3
up,53
norah,2
dinner,5
3rd,2
next,25
6ok,1
has,34
wondering,5
st,1
nick,1
actually,19
now,26
figured,3
out,48
there,33
day,22
where,16
open,7
our,12
presents,2
days,5
trying,9
sneak,2
present,1
target,2
make,41
sure,25
covered,2
some,31
way,12
wont,14
doesnt,16
wrapping,1
paper,2
obvious,1
theres,10
note,3
saying,8
theyre,9
taking,5
someone,17
elses,2
thing,14
examples,1
sneaking,2
include,2
placing,1
their,7
backpack,3
dorm,2
while,11
arent,8
looking,5
catch,2
cant,27
giving,3
failed,1
find,18
suitable,1
punishment,3
thatellie,1
thispoll,1
serious,3
frosted,3
tips,4
window,1
opportunity,1
closing,2
üëç,1
üíÄin,1
accordance,1
world,5
toilet,1
mens,1
national,1
carbonated,1
beverage,1
caffeine,1
others,1
taskmaster,3
cancelled,1
moved,6
tomorrow,8
full,3
list,4
belowunless,1
specifically,5
wavehes,1
keeping,1
requirementnah,1
emailed,1
guyor,1
intfunwhats,1
strikelol,1
fun887086756653043782,1
reg,1
5,12
mini,2
questions,4
regarding,2
sexuality,2
prepared,1
handy,1
image,1
explain,3
everythingill,1
sending,3
friend,10
saturday,5
sunday,8
go,38
showok,1
each,6
should,22
gotten,4
email,6
link,2
draw,1
namesame,1
exclusions,2
can,86
get887086756653043782,1
ill,25
8im,1
going,27
setting,4
software,3
nighteveryone,1
secret,2
santa,1
ping,3
message,4
‚ùÑÔ∏è,1
participating,2
üíÄ,1
unspecified,1
dollar,1
limit,1
which,12
decide,3
thread,2
below,1
using,6
website,3
organize,1
gets,6
want,42
particular,1
prevent,3
as,49
wellho,1
ho,1
hoehttpsdocsgooglecomspreadsheetsd1s6eqdvqorrgddz65ktvobg2wgx8mkjbo5kootenreeditgid1845527230everyone,1
saws,3
230,1
4,16
fridayi,3
thought,11
was,98
aaaspill,1
itwhat,2
happenedeveryonemy,1
true,8
husband,1
wallacei,1
deny,1
these,18
allegationsi,1
stopped,2
talking,8
221714093722173440,2
293841654702407680,2
massive,2
falling,1
epic,1
hot,9
wheel,1
car,3
throwing,1
battle,1
survivors,2
wake,2
us,14
3,22
daysfeeti,1
gotchu,1
enemy,1
norahyou,1
proofyeahhttpsformsglecfzrua2wq9h1gqin8,1
ballot,1
üôÇ,1
every,14
vote,2
literally,10
countsthats,1
favorite,1
nut,1
puts,1
mouth,2
mayawhich,1
floorsare,1
removing,2
bathroom,2
signsthe,1
housing,1
guy,7
coming,3
hide,1
alcohol,1
everything,4
fire,2
code,7
violation,1
luke,8
maybe,14
hell,3
take,19
sheet,3
metal,1
diego,4
hope,2
lukehow,1
less,8
fuck,5
ishaan,4
joseph,4
yeaaaaaaaah,1
question,6
allisonwhat,1
theyve,1
ensured,1
happen,2
slow,2
motionhow,1
dude,6
keep,10
showing,2
uphttpstenorcomviewwhiteboysummerchethankschethayzegif21257358hehim,1
goes,5
off,12
fr,1
knowspongle,1
program,2
ajin,1
fact,2
confident,3
measure,2
almost,4
twice,3
anybody,2
elsei,1
dick,1
measuring,1
contest,1
able,12
more,32
than,23
elseyayyyrelated,1
imageieeeeso,1
trueeeeeeee,1
kinnggggffffgfggggsatan,1
bird,1
satan,1
giraffeotherfucker,1
him,14
care,6
quoting,1
myself,3
meeeeeeeeeeeeeee,1
definitely,7
stop,3
asking,4
thatd,2
drunkreally,1
adding,2
thats,21
makes,10
half,11
noise,2
stops,2
shakes,1
head,4
looks,4
screen,3
burdlolmaya,1
flips,1
classoverlapping,1
fangs,1
outward,1
flow,1
inwardif,1
dragons,1
real,5
rubber,1
ducks,1
birdthis,1
dudes,3
moves,1
wrong,7
andrewsucks,1
suck,2
andrews,3
momim,1
becoming,1
shark,1
girl,6
mayamegalosaur,1
magic,2
sings,1
dance,1
eats,2
caroline,1
wish,3
megalosaur,1
loses,1
control,2
isshaan,1
defeat,1
rock,2
roll,1
chris,4
wishes,2
sela,6
died,2
ex,1
girlfriend,1
megalosauri,1
lay,2
down,13
selalolive,1
taught,2
desnat,4
fighting,1
giraffes,1
very,14
common,1
people,35
years,6
teaching,3
best,11
giraffe,4
seen,4
devyou,1
add,5
emotes,1
bro,1
p,4
e,5
g,2
clai,1
sex,1
tonight,2
albertand,1
closeoh,1
yeahmaybe,1
try,5
figure,10
clonei,1
aditi,10
roomwhen,1
neck,1
bryceyessssssirlmfao,1
üíÄim,1
sober,2
againuhhhhhhhhhhoh,1
leopard,1
print,4
bad,13
man,7
oliverkateif,1
shorts,2
tipoffwhy,1
speak,2
fastyou,1
turn,5
pointim,1
sorry,4
maya,2
youve,7
morticia,2
weeksim,1
cla,2
herethis,1
contextdeb,1
fun,11
fall,1
gathering,1
albert,6
cry,2
sleep,9
deb,4
yep,1
useful,3
sometimesi,1
may,6
blame,1
onewhich,1
show,11
definitive,1
oneare,1
crane,3
differentlook,1
those,4
buildings,1
clearly,2
eastern,1
bloc,1
joeseph,1
stater,1
facts,1
detroit,1
tim,2
savior,1
desnati,1
feel,21
fucked,2
backthats,1
really,31
goodim,1
exhibit,1
test,6
piecesyou,1
jump,3
wouldnt,7
youyoure,1
devlin,1
knower,1
linear,2
algebrawait,1
yallthis,1
trueeven,1
mom,3
knew,1
limpdo,1
need,29
baptize,2
ysll,1
againi,1
anywhere,2
without,8
consent,1
lukei,1
only,29
associate,1
straight,6
white,6
male,3
gamers,2
ishawhy,1
thighs,1
clafinish,1
presentation,1
lolim,1
beta,1
clawho,1
adnrewoh,1
tongue,1
lukes,1
mouthdilf,1
vibes,1
frwe,1
slowmode,1
being,21
taken,3
context,2
good,31
name,7
abusedyall,1
bdsm,1
left,8
outit,1
wasntkatei,1
garlic,1
buy,8
dlot,1
eq,1
tofidsay,1
txlolplease,1
quotes,1
channel,7
clamaybe,1
become,7
pirate,4
craneredacted,1
statement,1
implying,1
musicals,1
terrible,5
mediumi,1
filled,1
room,12
medicine,1
balls,2
she,16
invited,1
mine,3
craft,1
monday,2
kddont,1
attempt,1
peel,1
pretzel,1
claehose,1
craneno,1
president,4
spainhttpstenorcomviewdrinkingcoffeethirstybojackwillarnettgif16115558awakebang,1
door,6
9i,1
awakeokbang,1
door900,1
let,10
late,4
desnat9151100,1
stumbled,1
1220just,1
check,6
during,6
qeaouch,1
oopstoo,1
concurrent,1
userslol,1
access,1
reading,11
rnperfect,1
pick,5
youare,1
itd,2
between,7
bumpers,1
narrow,1
sidei,1
hasdoes,1
thingy,1
plug,1
usbanyone,1
xbox,1
controller,1
works,2
mind,5
borrowing,1
whilerunbgbbiivchidctiicbgraitathats,1
far,3
away,5
dowhat,1
againlol,1
itupma,1
butt,1
lolyo,1
project,5
shouldnt,5
weishaan,1
emailing,2
drexlerfucking,1
loli,1
assume,2
his,9
video,2
offdiego,1
currently,2
presenting,1
shirt,1
onwtfjust,1
sense,2
mebut,3
putting,5
outside,6
laundry,2
saves,1
seconds,3
bd,1
occupiedi,1
obligated,1
support,1
projects,2
aditiisnt,1
laundryview,1
thingcould,1
use,15
role,4
dinnerso,1
prob,4
teach,2
mech,2
solidsemily,1
teaches,1
transport,2
thoapparently,1
jeff,1
isnt,10
mechsolids,1
semester,5
might,15
completely,5
differneti,1
ran,3
onxethe,1
time,25
minute,2
oh,2
something,21
wrongwhen,1
genes,1
hits,1
minutes,8
start,10
sweatingyeslolif,1
stock,2
mugdo,1
school,10
ends,2
move,2
dates,1
researchthumbsuptim948976730868166697if,1
near,2
tell,10
shop,6
opens,1
tomorrowask,1
nfts,1
responsesigma,1
afthat,1
under,5
impression,1
icebreaker,1
graded,1
somethingwe,1
learned,2
how,37
plus,4
deltas,1
relationship,2
advise,2
redundantif,1
applying,1
stuff,18
also,24
python,2
whatever,8
softdesi,1
didnt,22
courses,3
resume,3
page,8
experience,2
importantmove,1
solidworks,3
matlab,1
frontindesign,1
probablydeclarathon,1
yearitll,1
listed,1
undeclaredthinking,1
lion,1
king,1
roller,1
coaster,1
animal,4
kingdomand,1
counts,1
worksheetbut,1
triedit,1
gives,2
errorbut,1
programmed,1
solutioni,1
problem,2
wronglollike,1
stgyou,1
hear,6
clangingliterally,1
picking,2
moving,3
mouse,2
rapidlyand,1
subtleleaning,1
forward,3
clicking,1
mfaditi,1
playing,3
valorant,1
front,2
classyoure,1
welcomeselftranscendence,1
lolhey,1
lot,14
value,2
pyramidtheres,1
psychological,1
devastating,1
realizing,3
vinodplayed,1
goddamn,1
fiddleim,1
madhow,1
aditiim,1
aditilol,1
anymorewoahhhhhhh,1
least,8
firststrangely,1
pictures,1
basically,2
existtrueshe,1
tooüòèü•∫soy,1
una,2
perra,2
en,2
la,2
cama,1
180105249363591170,3
üòâi,1
didlol,1
yeadinner,1
620i,1
lend,1
youanyone,1
issuei,3
paid,1
startwh,1
3f,1
washer,1
startwhat,1
determines,1
completingnitalso,1
why,11
pfp,1
sxreenshot,1
pfpnot,1
trusted,1
thatyou,1
barrelyou,1
diegos,1
bed,4
wantoperation,1
hodge,2
step,3
1,10
complete3ok,1
comingif,1
oliver,1
still,14
dining,3
hall,4
lunch,3
hang,5
outi,2
steal,2
phone,6
backok,1
youif,1
softdesif,1
jsut,2
drop,2
roomso,1
hard,9
itim,2
softdes,4
rnare,1
heading,1
west,3
anytime,1
soonis,1
halloofyoud,1
waythe,1
reason,9
immune,2
covid,3
die,2
caught,3
irthis,1
evilno,1
thislolthis,1
most,7
pompous,2
readmaya,1
troubled,1
messageboy,1
lukestill,1
campus,1
katebut,1
bunch,8
pdfshow,1
miro,1
work,18
pdfwhere,1
quite,5
frankly,1
gravity,3
90,1
percent,1
workin,1
winter,1
olympics,2
shit,11
skiing,2
bobsledthey,1
track,4
field,1
eventssummer,1
olympicsi,1
forgot,10
lite,1
soonhad,1
command,1
line,2
wizardryoh,1
wait,5
itbc,2
docker,1
wayi,1
install,1
itdocker,1
instlal,1
ubuntuthank,1
god,2
learning,3
codeok,1
coolwould,1
upif,1
theoretically,2
wanted,4
comingwhat,1
perceptionof,1
top,1
priorityi,1
rivers,1
hate,5
mossrigged,1
electionwout,1
ü§°idk,1
sayi,1
had,18
kick,3
triple,1
bc,28
negativeat,1
soon265880496389619712embarrassingyou,1
matching,3
pfpssib,1
familyits,1
loud,2
annoying,1
sib,2
formidkshes,1
quiet,1
apparentlyandrew,1
m,3
informed,1
meapparently,1
exact,2
opposite,2
mei,4
botagreeskate,1
agrewdcould,1
itevery,1
agrees,1
content,1
wise,2
songpick,1
elsethe,1
girls,1
ruining,2
lifedont,1
waste,2
money,4
thisno,1
nothinghave,1
guerilla,1
crochetersbreathe,1
lungs,1
explodewhats,1
important,2
packages,1
betting,1
sorted,1
weeksimagine,1
through,4
venmoappwhen,1
done,15
witten,1
fashion,1
week,12
picks,1
clotheswe,1
weeks,6
behind,1
schedule,3
projectoh,1
yes,3
framework,1
thisif,1
pleased,1
hays,1
accimulatongi,1
short,3
hair,3
pull,1
pfftotally,1
beretsend,1
pic,2
itjust,2
give,8
breaki,1
understand,5
dyeand,1
whyyour,1
hates,1
younoor,1
part,5
processapparently,1
bowling,1
made,11
lathethis,1
high,5
graveyardbut,1
merry,1
christmasmountain,1
timer,1
getting,20
christmas,5
startsits,1
strange,3
hand,4
seems,9
own,5
stopping,2
buying,1
microsoft,1
productsnow,1
boosteredyou,1
appits,1
4am,1
allidk,1
23,1
uber,1
costi,1
golflol,1
em,1
specific,2
questionsloldad,1
fan,5
hairformula,1
spacers,1
zoomykek898763688872378369just,1
touched,1
feeling,2
primal,1
urge,1
listen,3
fly,3
g6,1
idk,3
whydidnt,1
üòéme,1
realizirealizing,1
went,4
security,1
whole,4
ass,2
bars,1
aluminum,1
outill,1
wh,3
point,8
tonightdry,1
herpoggers918365210912366622you,1
130real,1
picture,2
andrewhttpstenorcomviewpuppethandcontrollinggif17554100if,1
comeim,1
finishing,4
modsim,6
reflection,1
nowif,1
bring,5
them,18
leave,2
htem,1
somethingsi,1
watch,4
thohmmmmmmmi,1
grab,3
candlesüíÄthe,1
hasnt,4
scrap,2
space,3
he,10
bump,1
into,17
itdoesnt,2
count,1
menow,1
enter,2
mentioning,1
giant,3
middle,3
roomscheduled,1
meeting,3
pester,1
submit,2
passionate,5
pursuit,4
formim,1
chocolateishaans,1
chocolate,1
california,1
dayyeah,1
server,2
upperclassmen,1
itdoing,1
cam,1
training,7
fusion,1
crying,1
lost,2
solidworkswoke,1
uplooks,1
sickapparently,1
fiberboard,1
storeroom,2
anywayi,1
asked,5
andrewi,2
lasercut887086756653043782,1
codesurei,1
hundred,1
splitim,1
pay,2
cashyeahwhats,1
getcheck,1
junk,1
mailsnot,1
yetcan,1
pie,3
wesley,1
negatively,1
impacting,1
performancebut,1
15,4
bucksi,1
calendari,1
supply,1
piei,2
knowit,1
justifiedprobably,1
ally,1
elvis,1
righti,3
believe,4
soi,1
won,2
r2,2
serve,2
auction,1
cost,1
bucksü§®sketch,1
afno,1
kates,1
simptaft,1
likopityuptoo,1
werent,2
partyunless,1
ideasidk,1
rnaditi,1
markjust,1
outcan,1
serenademaybe,1
legit,7
itemlol1000,1
dollars,2
dinnerany,1
harvardi,1
freezei,1
acquired,1
pantsfunky,1
puddinglaptop,1
facing,1
boardhttpstenorcomviewbreakingbaddrinkingwatergif16969010lol,1
modsimpretty,1
easilyif,1
hes,4
gone,3
o,1
bryce,2
thereikri,1
whitneys,1
studiojust,1
walked,3
qea,5
studio,4
table,3
realized,1
came,5
outunfortunatehow,1
long,8
matchplayed,1
tetrisi,1
havent,8
todaycould,1
group,6
pole,1
dancingi,1
booty,1
anything,7
elseim,1
comingone,1
secincheslikewhere,1
ati,1
heard,8
gmosboycotting,1
taskmastermetal,1
trashcan,1
maybemaybe,1
grill,1
elsehmmmmmmmi,1
lockheed,1
martin,1
hiringfirst,1
season,2
main,2
characters,3
arcsüëÄthank,1
oliverok,1
freaking,1
zine,4
substantially,1
nowbecause,1
drastically,1
changes,1
stress,2
levelok,1
rightwait,1
schooldoes,1
here,11
reinbursement,1
workswhy,1
thoit,2
skydio,2
giveaway,1
tooikryall,1
donate,1
flash,1
mob,1
auctionlike,1
groupwhen,1
told,4
partyingniceare,1
kateyeahrealizing,1
id,5
reschedule,1
flight,2
needed,2
floridai,1
thatill,2
play,11
valopeople,1
meanwhile,1
evolved,2
past,4
material,1
needsif,1
ones,6
say,6
quality,2
showwent,1
big,7
mode,2
worktried,1
download,1
game,2
steam,1
timesdoes,1
clifford,1
bootleg,1
yetive,1
decided,1
finish,6
gay,2
treasure,1
hunt,1
booki,1
workingsorry,1
debgoodbye,1
productivity,2
thoi,1
call,4
attno,1
clue,2
probablyshould,1
power,1
fucj,1
upit,1
att,1
boxwell,1
certainly,4
internet,3
laptop,1
rnthis,1
spurred,1
brokenif,1
hold,1
reset,1
button,2
20,6
resets,1
router,2
settingsgood,1
ideamight,1
bei,1
knowfrom,1
right,8
box,5
pon,1
ethernet,1
powerbut,1
broadband,1
rnand,1
boxso,1
boxok,1
youdoes,1
set,4
internetthe,1
gate,1
1776,1
ofc,1
isat,1
conroeonly,1
min,1
houseim,1
awayi,1
pool,3
backyard,1
bourgeoisno,1
live,1
herecookie,1
cutter,2
alsoi,1
mean,9
place,5
nicer,1
ratsnest,1
grew,1
inthis,1
awfuldisgusting,1
gated,1
community,1
loopphoenix,1
dog,2
park,1
937,1
closes,2
930its,1
930,2
decisions,3
yetatm,1
flag,1
cameras,1
stealhe,1
baja,7
tho,3
kept,1
telling,3
otherwise,1
fyi,1
bajaalso,1
confirmed,1
carlos,3
friendshipthe,1
bathrooms,2
experienced,1
understoodthis,1
description,1
buccees,2
describe,3
imageget,1
timeif,1
texas,5
merch,3
subsidizethey,1
shape,1
thoim,2
flying,2
southwest,1
checked,5
bagsill,1
aquire,1
frre293841654702407680,1
atm,1
airport,1
youwhy,1
courseyeahcarlos,1
chilling,4
planealso,1
whens,1
oliverthis,1
incomprehensiblebush,1
devolved,1
war,3
record,1
planesimagine,1
settling,1
hobbybush,1
pathetictheres,1
chic,1
fil,1
hobbtim,1
starbucks,1
lineimagine,1
intermediate,3
lathe,6
trainedeat,1
chip,1
lieits,1
kate,2
thidno,1
vigil,1
history,1
earth,3
occurred,1
545,1
pmim,1
honest,3
already,7
sick,2
musicalhsmthis,1
214133599421726721and,1
socks,5
wear,3
stuffhumans,1
meaningful,1
itrealdecision,1
fatigue,1
reaogamer,1
suite,1
interestedi,1
smashwhose,1
8,3
againcome,1
meleekesha,1
guesshttpstenorcomviewwelcomecaptaingif18905364i,1
soim,1
cast,2
partyme,1
dying,1
dehydration,1
drink,1
waterhttpstenorcomviewbreakingbaddrinkingwatergif16969010please,1
flirting,1
generalhow,1
circular,1
eyesits,1
since,5
startedare,1
drunkme,1
boxes,1
spreadsheet,2
tooi,4
loltexaskate908150373347385356i,1
appreciate,3
ordering,1
midnight,1
pizza,1
hungryshes,1
dnd,5
discordsofjentook,1
damp,1
gmwsoaking,1
msrthe,1
profiling,2
readingit,1
asks,1
operationthe,1
int,1
worksheet,2
mess,1
cover,2
itsame,1
lolhard,1
deshowd,1
gonah,1
change,4
nice,3
classes,3
130but,1
eating,1
breakfast,1
somethingthough,1
unfortunate,2
consequence,1
latest,1
10,6
daysprobably,1
registrationisim,1
thololliterally,1
after2and,1
isim,10
3but,1
backso,1
itit,1
kicked,1
pageadded,1
directly,2
codedidnt,1
checksoftdes,1
enough,8
seatsi,1
codei,1
shiti,1
onenow,1
0isim,1
seats,1
lolyepbottom,1
sapphic,1
flagtop,1
heterosexual,1
flagthe,1
ajay,1
choicewhat,1
confused,2
aboutalso,1
composites,1
trained,2
nowthis,2
obliged,1
tomorrowim,1
mig,1
same,6
dayit,1
workedit,1
workedholy,1
shitalso,1
itidk,1
itthe,1
beforenois,1
says,4
seem,5
little,6
listening,2
shpeal,1
fair,2
couldnt,3
dislike,1
himaccustom,1
tools,2
analytical,1
mathematicians,1
zak,1
shitim,1
mathematica,2
solve,2
millionth,1
order,3
diffeq,1
function,2
require,2
nonsensehttpstenorcomviewchoppertonychoppertonytonychopperchopperonepieceonepiecechoppergif21866519badasscharlotte,1
chopper,1
sticker,1
laptophttpstenorcomviewpredatorarnoldschwarzeneggerhandshakearmsgif3468629signing,1
calolsteve,1
accepted,1
discord,2
requesrlol,1
surelol,1
save,4
energy,1
babson,2
wednesday,4
theatrical,1
production,1
shall,3
semesterseems,1
run,8
alrightok,1
wheremsr,1
15mig,1
kinda,4
rnhowsociologists,1
realize,2
racism,1
modelif,1
again,4
entire,3
thinkoops,1
skipped,3
advisor,1
checkinso,1
clay,6
himselfanyway,1
hadnt,1
picked,1
joinedthis,1
fornevermindok,1
possible,4
thatok,1
yeah,4
repick,1
namesbut,1
randomif,1
redraw,1
names,2
though,8
necessarilly,3
toi,1
added,3
santashould,1
goif,1
response,2
babbie,2
health,1
infrastructure,1
concerned,2
swelling,1
rashcoming,1
uhttpstenorcomviewgodzillabeatupkickkomegalongif21194235i,1
upok,1
meohdid,1
drew,3
yourselfoh,1
meant,1
aditithats,1
difficult,3
implementi,1
bare,1
minimum,1
rightnvm,1
shitis,1
spelledhttpstenorcomviewbreakingbaddrinkingwatergif16969010where,1
roomdont,1
worry,4
rid,1
youfuck,1
yeahwhat,1
italso,2
info,2
thati,2
having,4
downthough,1
smaller,2
unfortunately,2
impossible,4
crushing,1
dreamsthe,1
narrative,1
possiblethank,1
youits,1
remember,4
wednesdaydoes,1
semesterwe,1
propoealqea129026882971762689forgot,1
thateveryone,1
atis,1
survey,1
supposed,7
prospiedm,1
interested,3
carrying,1
planand,1
switched,1
ishaanthe,1
atlanta,1
braves,1
seriesthe,1
astros,2
lostif,1
sloti,1
fab,1
thook,1
seemed,4
meetings,1
worth,6
shot,6
trainedok,1
lets,2
goesbrutalsorry,1
craneif,1
sleeping,1
waking,1
upbut,2
doesi,1
knowhe,1
nightman,1
sleepim,1
concernedhe,1
needs,4
workdiego,1
asleepi,1
repeatdiego,1
asleepits,1
overlay,1
stays,1
timessela,1
400664181281521665,1
sometimes,1
evil,2
witchcan,1
contact,2
arrivesthank,1
youjust,2
10i,1
dump,2
upperclassmenok,1
abandoned,1
available,1
recieve,1
prospie,2
sometime,1
9,2
10its,1
unnatural825337906645827595,1
human,2
utterred,1
sentenceit,1
vibe,2
key,3
waiting,2
few,4
later,7
walks,2
interrupting,1
shitshe,1
wasand,1
knocked,1
dashas,1
keyok,1
parcel,1
bat,1
anyways,1
coughed,1
bit,13
tail,1
endlame265880496389619712,1
msrjoin,1
wildernessyeeeeesi,1
drinkrapid,1
goodconsidering,1
acquiring,1
primary,1
goal,3
lifeit,1
leastthank,1
youi,1
thatwhat,3
time4i,1
laser,3
trainingok,1
masksüò¶i,1
stay,1
thembc,1
thatalso,1
trainingdo,1
onlinefeeling,1
class,10
today,5
rapid,1
schoolevery,1
identity,2
concept,2
rabbit,1
hole,2
concluding,1
buddhism,1
rightoliners,1
ask,8
write,2
papergo,1
ityesnoanyone,1
babysit,1
1012,1
rescheduleyou,1
saved,1
madagaacaroj,1
approves180105249363591170,1
metallol,1
oopslove,1
yelling,2
captions,1
honestly,6
quintessential,1
example,2
interactiondropped,1
somewhere,1
hassle,1
worthim,1
missing,1
dignityremember,1
perfectly,1
aaa,1
sitting,3
885630243770097745,1
sent,2
backare,1
alright262245801416327169,1
wtf,1
brookewe,1
fixed,2
issuehes,1
chillingalso,1
badwhere,1
yallhow,1
weekendsonce,1
load,1
drier,1
goconsidering,1
gym,5
scrubs,1
rnzoomykek898763688872378369also,1
crunch,1
todayüíÄuploading,1
imagelol,1
behavior,1
formajhjhjuat,1
turned,1
notifications,1
sounds,4
confusing,1
loudi,1
transferringfriendsoküë®‚Äçüè´need,1
tauscher,1
hevy,1
hw,4
web,1
nuts,1
wind,1
fit,1
raw,1
wifi,1
terminologyno,1
sleep‚òπfriend,1
outdo,1
outim,1
ebarrasdmed,1
because,6
hhsnndnggg,1
friends,4
swhi,1
dfrurk,1
r,1
tbeuseee,1
meis,1
halloweem,1
tomorrowsorry,1
13000shoutout,1
tetrio,2
1300,1
ranked,2
player,1
gamewhy,1
miserable,1
nightrealized,1
heat,6
constantly,2
despite,1
air,3
downlol,1
okany,1
nerds,3
lunchim,1
burn,2
630everyone,1
530,1
630zoomykek898763688872378369is,1
desk,1
3d,2
goggles265880496389619712httpstenorcomviewelephantsealrunningrunsealbiggif21499846httpstenorcomviewhappyfeetpenguinhappydancemumbletapdancinggif5594398deb,1
upload,1
poster,1
feet,1
imagewewdjust,1
snagged,1
cnc,1
plasma,1
trainingapparently,1
diana,1
dabbys,1
daydroughtthis,1
graph,1
took,11
hoursi,2
duckrad,1
duck,4
cupholders,1
preinstalled,1
thobut,1
cheaperhttpswwwamazoncomgameinflatableeasyfill250poundcapacitydpb07qszqk33refdpfod2pdrdib07qszqk33psc1,1
heres,1
similar,3
style,1
shittier,1
feethttpswwwamazoncomgiantderbyinflatablefloatgamedpb0196kky6erefsr11keywords5000giantduckfloatqid1565736885slawngardensr11on,1
amazonok,1
awesome,1
costs,1
98,1
dollarsor,1
shamamasso,1
usweight,1
capacity,2
300,1
poundsladies,1
mani,1
thowhat,1
guydo,1
equipmenttheres,1
visually,1
appealing,1
stockheres,1
reasonably,2
priced,1
foot,1
wantand,1
couhcalternatively,1
duckmaybe,1
morelike,2
feetand,1
cheaper,1
pitched,1
ini,3
wed,2
wantis,1
pitching,1
inflatable,1
duckdid,1
eye,1
contactohwell,1
soon,1
worksmy,1
halfway,1
throughin,1
mental,2
breakdown,2
formdocumentationthe,1
motor,1
shittyalso,1
permsworst,1
nice262245801416327169,1
post,4
scs,1
momentshttpstenorcomviewhankbreakingbadunhappygif11782766youre,1
clear,2
emptythey,1
backsomeone,1
removed,1
mill,1
tomorrowthan,1
shittily,1
flipping,1
onceit,1
interestingwould,1
preferred,1
hopper,3
halfi,1
4eyego,1
piratesnphttpstenorcomviewnobugsbunnynopegif14359850httpstenorcomviewastrosaltuveearnhistorydancegif10113929i,1
astroshttpstenorcomviewpittsburghpiratesgif11732233i,1
pittsburgh,1
houstonwhat,1
stand,1
fordont,1
different,5
testlike,1
indiaanyone,1
thisit,2
turns,2
rightthis,1
hardyeah,1
thatlolive,1
tried,3
timesi,1
didhow,1
tf,3
tie,1
tielike,1
askdamnüôÉsuckscurrently,1
troops,1
quartered,1
house,2
rights,1
named,2
slavery,1
shes,3
vp,1
becomes,3
unable,1
perform,1
duties,1
office,1
geneva,1
conventionswe,1
gave,4
9th,1
earn,1
moreokid,1
fine,4
sleepok,1
hours,5
irs,1
normal,4
templike,1
footalso,1
cold,2
insulate,1
coldlet,1
approach,1
tempt,1
naturallyyou,1
rub,1
itmaybe,1
donrwas,1
current,5
temp,1
frostbitedo,1
medical,1
attentionhow,1
coldwhat,1
likrmine,1
tooare,1
gradeok,1
thiswhatintruiginghow,1
skii,1
swimming,1
fastwoah,1
sp,1
whitney,1
johnalso,1
aloneill,1
timenoooooooothank,1
insend,1
colors,2
thoif,1
wellesley,1
hat,2
reinburse,1
youhows,1
wellesleyloldinner,1
7httpstenorcomviewbreakingbadwalterwhiteilikeditiwasgoodatitgif23089818httpstenorcomviewyourerightbreakingbadwalterwhitegif5292336gonna,1
pro,2
codernowim,1
booting,2
codingamehttpstenorcomviewcongratulationsomedetouevangelionneongenesisevangeliongif18965404diego,1
asleep,2
leftjust,1
distracting,1
stevewellesley,1
trouble,2
pointhmmmwhens,1
busso,1
wellesleyjust,1
infrawhats,1
happeningok,1
halldo,1
knowwhere,1
storeim,1
downthoughtsaccidentally,1
messagelegit,1
thinking,4
folding,1
better,11
todayari,1
thinkconsidering,1
desnwt,1
todaydesnat,1
stdiodo,1
chang,2
onewe,1
converged,1
andrewupdatebut,1
friendsi,1
learnedisha,1
isshans,1
onei,2
nowhes,1
resistanti,1
lunchprobably,1
openspreemptivelyits,1
pmwould,1
consume,1
foresti,1
pizzaethanthis,1
risk,1
loungeno,1
itreally,1
moneys,1
nitrolmk,1
gatsby,1
is180105249363591170,1
189195543736614913,1
293841654702407680as,1
walk,1
cc,1
entrance,1
food,3
serving,1
areapure,1
tip,1
cubbies,1
sidecould,1
veil,1
gloves,2
hallyeahdeb,1
explaining,2
infinite,1
drive,1
road,1
oncehttpstenorcomviewcatspinrecordcutegif16753412love,1
acronymi,2
meeveryone,1
815311208617213963so,1
further,1
reference,1
soccer,1
ultimate,1
times100,1
correlationran,1
ztesti,1
statyeahhonestlyoki,1
therpleasecould,1
tabledo,1
itabout,1
utensilsletting,1
grilling,1
1230sorrywere,1
ordered,1
agoopenthe,1
said,4
oepnit,1
normallyfuck,1
thisbecause,1
chipotle,1
closed,2
todaybut,1
pizzayesin,1
glirl,1
areaalso,1
reminder,1
grliling,1
tomorrowhes,1
store,2
rnthen,1
messageh,1
imif,1
oythose,1
bastardslmk,1
eatinghttpswwwyoutubecomwatchvzy3xwdmuqthat,1
questionwere,1
formulaare,1
talk,7
small,3
adjustment,1
theyll,1
approve,1
visiblewho,1
jordanbut,1
notthey,1
hurt,1
trythats,1
outyesok,1
outuhhme,1
talked,3
tongihtlolunless,1
rolloutnoi,1
system,3
longsame385264950479814666,1
morning,2
1f,1
lounge,1
somethingbut,1
itone,1
peice,1
worst,1
piece,3
fiction,1
createdcan,1
lathers,1
roleim,1
bajamill,1
cryingi,1
stuffstraight,1
cryanyone,1
dinnetwhere,1
atdont,1
therapy,1
15nothing,1
straighter,1
thatits,1
brotherly,1
two,2
menwindows,1
10im,1
usually,1
dinnerüôÇvery,1
cool,9
todaymy,1
fucking,7
hotkeysive,1
used,6
beforethat,1
couldve,1
meand,1
expect,4
complete,3
easilylike,1
cadded,1
beforefound,1
multiple,2
messages,2
cas,1
unnecessaryim,1
upset,1
uncalled,1
forits,1
shittyishonly,1
shittynot,1
shittyand,1
shitty,3
cad,1
modelthe,1
pissiest,1
teacher,1
goneit,1
waninghonestly,1
desire,4
job,1
nowyou,1
parts,2
youll,2
lasercuti,1
lasercutkind,1
soofc,1
thatshe,1
resubmit,1
completelike,1
damnsorry,1
convenient,1
tube,1
solidworksdid,1
springs,1
tubes,1
itgo,1
offyou,1
rightand,1
fanholy,1
showed,3
geometric,1
modelnord,1
todaushe,1
stole,1
phonemayaeach,1
otheri,1
thatbro,1
seei,1
promised,1
softmod,1
wiiinterestingand,1
wherewho,1
thereei,1
hopi,1
thinkbut,2
goodgotta,1
proofread,1
computational,2
essayfinished,1
essayhttpstenorcomviewbreakingbasbryancranstonwalterwhiteiwonwongif4327378probably,1
yours,2
toomy,1
matchwhat,1
succeeded,1
withdid,1
straightmanly,1
loveaaaandrew,1
knows,3
distancethats,1
repeating,1
minuteshes,1
roomive,1
interestedas,1
welli,1
running,3
oneshot,2
dmid,1
campaigni,1
dmingim,1
sign,3
yeahdo,1
ddgirl,1
fboss,1
boss,2
y,1
bsoss,1
objectivfy,1
lgoodd,1
paltriarchyüò†180105249363591170,1
face,1
hahaha,1
hahathis,1
uselessit,1
keeps,2
sketchesand,1
meon,1
plane,1
createdi,1
2d,2
sketchthis,1
sensefuck,1
solidworksshowtimejust,1
finished,3
whats,4
toclay,1
thinkpeople,1
respect,3
malcolm,1
britney,1
spears,1
dinosaurs,1
joker,1
steve,1
roomba,2
inventor,1
puritans,1
thigh,1
highs,1
w,3
roomalso,1
quickly,1
losing,2
ability,3
thingshe,1
attemptshe,1
suckdeb,1
ruined,1
taskmasterthis,1
bear,1
goodhttpswwwnpsgovkatmlearnfatbearweek2021htmthey,1
cringe,1
orientatiincrisis,1
avertedah,1
kd,6
alivecardioill,1
takes,2
cardiiany,1
takersnext,1
887086756653043782,1
nowhttpstenorcomviewonepieceanimeluffymonkeygif19415034httpstenorcomviewbreakingbadtoiletscenehankrevealinggif18042867httpstenorcomviewwalterwhitefallingfastgif18043850i,1
forgor,1
üíÄcould,1
itcant,1
thingüò¶but,1
themi,1
threads,1
honestlyhttpstenorcomviewbreakingbasbryancranstonwalterwhiteiwonwongif4327378and,1
jumping,1
outwhy,1
manit,1
fidelity,1
announcements,1
allowing,1
discuss,1
announcementswhy,1
notthough,1
philosophically,1
opposed,1
themnext,1
threadtoo,1
earlyhow,1
anythingit,1
sensethis,1
written,3
humanhow,1
115,1
2pmuch,1
deadtheres,1
me262245801416327169,1
empty,1
rn,6
timrsthat,1
unrelatedyesa,1
desperation,1
movenot,1
evenandrew,1
side,1
hoduringit,1
fault,1
stupid,1
break,3
rule,1
billieim,1
herit,1
spliti,1
confession,1
billie,2
dateplease,1
dropping,2
floorplease,1
ot,1
kdbillie,1
forgiven,1
meshell,1
torture,1
itif,1
itok,1
thanks,1
itsounds,1
hourthanks,1
broill,1
thatjust,1
goodill,1
bucks,1
whatever221714093722173440,1
mesorry,1
anymoreremember,1
dress,1
lumberjack,2
dayanyone,1
flannel,1
lolbehind,1
macthere,1
eviscerating,1
ruleyallre,1
twisterlmaobut,1
whali,1
understoodthats,1
bsit,1
physically,1
writing,6
33,1
per,6
secondwhal,1
lolupononwhere,1
worked,1
upi,3
alone,2
alert,1
worriedif,1
kill,2
innocent,1
insect,1
satchel,1
itno,1
mosquitosluckyalso,1
wants,4
chill,1
boston,1
cpolim,1
sister,2
outdoes,1
bostonseventh,1
grade,2
systems,2
end,5
social,2
life,3
skype,1
fk,2
seventh,1
fck,1
allthough,1
legitimately,2
jen,1
amab,2
yallre,1
thoits,1
among,3
usmy,1
afab,1
colleague,1
showi,1
nothings,1
changed,1
regardhave,1
rant,1
connecting,1
laplace,1
operator,1
death,2
dinosaurs180105249363591170is,1
gcwithout,1
mewait,1
whatyoure,1
welcomei,1
isi,2
paired,1
sam,1
yikesme,1
rni,1
stuco,1
repa,1
grave,1
injustice,1
occurredi,1
wasnt,5
powerchords,1
guessto,1
whutclay815311208617213963yeahthank,1
paused,1
lovefool,1
18,2
hourseveryone,1
aditiwhered,1
gofuck,1
da,1
policewhat,1
thatno,1
thosuper,1
loudyeahthey,1
meandoors,1
started,5
uslinear,1
actuatori,1
meansbold,1
awake,1
1145there,1
notno,1
correctlol,1
injust,1
comelolany,1
mailing,1
lists,3
joinso,1
digestsin,1
junkoh,1
yeahi,2
notconfirmation,1
emaili,1
carpe,1
emailsim,1
unfamiliar,1
lumberim,1
meanüò¶giraffeconsider,1
yourself,2
lucky,1
spacesplease,1
showerdancing,1
donei,1
pure,1
thenou,1
texan,6
wowi,1
onethats,1
minewhat,1
therethey,1
ice,1
cream,1
endowmentdamn,1
kicking,1
oftenevery,1
feels,3
living,1
horror,1
movie,1
uncomfortabledo,1
isyou,1
schools,2
starts,2
rightsurprised,1
longare,1
watching,3
tadkmastwrdont,1
acknowledge,1
themget,1
oj,1
lightswho,1
roomatelolthe,1
helpfulwhen,1
comes,1
lmk,4
spot,3
weld,1
pursuitalarm,1
clocksamei,1
concernedyou,1
meals,1
floridaif,1
positive,1
weeks265880496389619712everybody,1
worse,1
rnseriously,1
anyones,2
healththats,1
concernnot,1
except,2
quarantining,1
suiteno,1
9n3,1
seriously,1
sickare,1
coviddefinitely,1
notand,1
exploit,1
thatcmon,1
means,2
weaknessesaditi,1
cis,1
squadwhat,1
fuckmy,1
wpi,1
hed,2
missingthese,1
soulcrushed,1
engineering,5
againreading,1
posts,1
close,2
graduationjust,1
ok,1
constant,1
grindbut,1
issue,5
engineers,1
self,1
selected,1
punishmentthey,1
advertise,2
themhow,1
stufftheory,1
uiuc,2
umich,1
gt,1
resources,1
students,2
projectshave,1
brutally,1
thin,1
herd,1
kids,1
college,2
outthough,1
justified,1
dunk,1
study,2
businesswe,1
stuffi,3
certain,4
elitism,1
stemengineering,1
degreepaying,1
50000,1
absolutely,2
miserablei,1
bodes,1
future,1
design,2
engineer,1
engineersi,1
thereand,1
remembered,1
existed,1
pulled,1
path,1
trainthere,1
moment,2
junior,1
foudn,1
thatand,1
behindlike,1
studying,2
midterm,1
nowdo,1
guiltwas,1
collective,1
comraderie,1
suffering,1
himselfyesto,1
quote,1
meive,2
20min,2
pleasant,1
daydream,1
hiking,1
starting,5
snow,1
rest,1
everyday,1
rengineering,1
awful,2
state,2
everywhere,1
amount,5
non,1
negligible,1
imagining,1
crazy,1
okwere,1
goodparents,1
weekend,4
doneok,1
nightmare,1
overprobably,1
trueyesi,1
willhow,1
badly,2
itmy,1
dad,2
planet,1
introvert,1
insane,2
conversation,3
fully,1
drainedbrookinggilda,1
aaaaaaaahhhhhhhhhhhhseems,1
rough,1
easy,1
working,4
fundamental,1
factor,1
aware,4
moaly,1
dubious,1
defense,1
contracting,1
expected,3
themoh,2
okit,1
sincereits,1
traumatic,1
event,1
natural,1
strong,4
emotions,1
faultim,1
dms,1
openi,1
namecan,1
anti,3
military,1
raytheonbuthonestly,1
aspenbest,1
avoid,1
agreeis,1
wager,1
14,2
criminalsprobably,1
rip,1
criminal,1
bandaid,1
nowaptitudeariaapotheosisartemisakiraaloeactineaaishleighashleighasteraacadiaid,1
aurorauntrue,1
polygamous,1
wordso,2
formula,4
epfd,1
gator,1
wonder,2
u,3
miracle,1
17,1
closer,1
jojo,1
p8,1
thibj,1
decision,1
obviousfrom,1
expensive,1
tourist,1
trapgivewhereyesstuff,1
buried,1
therethis,1
general,2
channeldidnt,1
appropriate,1
onesmemes,1
lowlolthe,1
nightmares,1
youtube,1
titlesyou,1
pissy,1
itwhy,1
zelda,1
itonly,1
object,1
needfor,1
guylolfor,1
friendwere,1
objectswe,1
feelings,1
too180105249363591170,1
expedite,1
processits,1
dudeare,1
specifiedwhat,1
broke,1
drexel,1
thisyeswhat,1
film,2
nerd,2
uc,1
berkeleyits,1
gif,1
thr,2
dramatic,1
buff,1
handshakeits,1
farhow,1
met,1
town,1
salem,1
lobby,1
ago,3
subsequently,1
wide,1
reach,1
georgia,1
anime,1
boys,1
banned,2
twitter,1
racist,1
numberhed,1
bet,1
personality,1
locationwisealso,1
bu,1
singleperfect,1
ted,2
cursedhis,1
youwhat,1
york,1
guywhowait,1
nvmactually,1
wpiwhat,1
yorkim,1
tired,1
shithes,1
cute180105249363591170,1
distance,2
nebraskai,1
lacking,1
outsource,1
wpiaditi,1
dating,1
staff,6
tricksim,1
assuming,1
date,2
assure,1
pop,2
offwtf,1
dateheyü§®wait,1
queerconfession,1
pair,3
night,2
throw,2
bulk,1
50,1
cents,2
single,1
socksbut,1
betterthough,1
seeive,1
thoughts,1
voiceso,1
happens,1
files,1
formal,1
objectiongar,1
üíÄ6,1
wordsdaves,1
emailimagine,1
enaildoes,1
period,1
officially,2
classesmaybe,1
spring,2
gcme,1
begging,1
discretethe,1
plandoublewhat,1
playbc,1
funid,1
given,2
timeyebut,1
ruin,1
rootbeerwe,1
root,2
beer,2
vodkafair,1
gooddid,1
kitgo,1
saturdayisnt,1
fridayad,1
babsonde,1
wilsones,1
charlotteno,1
nosoy,1
pbs,1
televisio√±you,1
neither,1
spanish,1
tv,1
norddodgeball,1
board,1
gamesi,2
soonconvenient,1
htere,1
anyway,2
formulamac,1
128yeahnot,1
truck,1
bedcan,1
claim,1
seatnowit,1
matter,4
input,1
in189195543736614913the,1
singing,1
sin,1
pijama,1
unless,1
objectionsok,1
ridiculous265880496389619712thats,1
songwhat,1
simply,1
annosdecandia,1
seaworld,1
englandbryce,1
attendingif,1
formulas,1
thenno,1
lesswith,1
machinable,1
manjust,1
atecovid,1
jealousthe,1
vent,3
outwards,1
opening,1
inwards,1
increase,3
pressure,1
seal,1
preventing,1
venting,1
doubt,5
suspect,2
saunas,1
spasresorts,1
rudimentary,1
monitoring,1
prevents,1
hotyoud,1
likely,3
easily,2
caseand,1
calculate,2
loss,1
dangerousbut,1
size,1
sauna,2
quicklybut,1
answer,2
heated,1
water,4
vapor,1
cod,1
heating,1
burner,1
large,2
resevoirjust,1
exhaustion,1
saunaüçïthere,1
technique,1
matterseven,1
difficulty,2
curve,1
severeright,1
medium,1
quickerif,1
yesblueunny,1
hillsdont,1
blues,1
outso,1
riding,1
bike,1
iti,3
central,1
probablythe,1
james,1
bond,1
moviewhat,1
timezoneyeahidk,1
lol,1
freei,1
meatdoesnt,1
meat,1
cookedcome,1
buns,1
cheeseim,1
hamburgersit,1
pmchocolate,1
bombs825337906645827595,1
scheduling,1
conflictüíÄim,1
months,1
chatim,1
deja,1
vu,1
messagesyed11yeah,1
dinnermaybedepending,1
lasercut,3
rnok,2
curiousif,1
case,1
5wdymwdynmeet,1
loungedump,1
caveat,1
metalwe,1
focused,1
placementi,1
timedo,1
prepped,1
review,1
aditiso,1
housingi,1
jonathan,1
mr,1
tormachim,1
bearings,1
todayformula,1
tooh,1
punki,1
targetare,1
homei,1
trainingill,1
yo,1
45,1
probablystarts,1
suppose,1
notit,1
selas,2
judgement,1
trumps,1
mineempty,1
btwrunning,1
police,1
iwhats,1
flyyou,1
outbut,1
downok,1
tech,1
weekor,1
binges,1
12,2
hoursso,1
bingesand,1
seasonits,1
agianwould,1
binge,1
bojack,1
horseman,1
sometimewatched,1
shera,1
grating,1
samey,1
filler,1
thoughthe,1
screaminghow,1
raininghttpstenorcomviewyourerightbreakingbadwalterwhitegif5292336were,1
screaming,2
comesoon,1
helpful,2
yousolidwhat,1
timei,3
dr,2
whoid,1
episodes,1
13,1
badok,1
fix,1
fellow,3
houstoners,1
385264950479814666,1
537482538453696515,2
roadtrip,1
meyoure,1
forgetting,1
napyeahhttpstenorcomviewchallengeacceptedhimymbarneybarneystinsongif14833442we,1
reclaim,1
itits,1
vintagelegitimately,1
yesi,1
aqueduct,1
niceremind,1
legitimatelymine,1
bitch,1
‚ù§Ô∏èthat,1
isha,1
decisionsit,1
ended,2
morninganyway,1
weve,6
completed,1
dowward,1
spiral,3
arc,1
weekoh,1
tuesdayso,1
goesi,1
another,4
winning,1
session,4
happening,2
9yes,1
opinion,1
countsdownward,1
favoritethe,1
difference,2
drastic,1
lukeyouve,1
tvyou,1
magically,1
drunkit,1
helpsthere,1
videos,1
doorswhat,1
ithow,2
pass,1
meim,2
chillingyall,1
comingits,1
rogers,3
therejust,1
overim,1
graveim,1
corpse,1
comingim,1
gymmy,1
islukewitten1maybrsame,1
math,2
derivatives,1
fractionsphysics,1
obviously,2
force,2
idiot,1
curvature,1
proceed,1
acts,1
wayoh,1
shitnothis,1
truewe,1
creation,2
powersstepson919420909251592232,1
myson918604862730698752,1
nephew936291920978800730refuse,1
elaboratestart,1
referring,1
grandparents,1
happensi,1
agree,2
cause,1
extent,2
possibility,1
assholes,2
nomatter,1
circumstance,2
choose,1
trjeunfortunately,1
admissions,1
incentives,1
academic,1
grinders,1
epidemic,1
widesprwadeither,1
secure,1
abkutthis,1
generally,1
thingsi,1
richtheyre,1
super,3
bigyou,1
nftslol,1
instead,4
dictionary,2
correct,1
methodrun,1
unit,5
testshmmmi,1
testshave,1
testsmaybeits,1
thingsyou,1
zeros,1
rightgir,1
gud,1
aditiactually,1
vscode,1
aditiimagine,1
jupiter,1
notebookit,1
dayhttpstenorcomviewshysmilinglaughingcherylcolexfactorgif7233607he,1
swapped,1
slime,1
solved,1
mysteryi,1
frmocan,1
redactedwhich,1
upsettinglike,1
fundamentally,2
correctbut,1
association,1
ignoracnehouston,1
diverse,1
city,1
nation,1
wellbut,1
apologize,2
itand,2
existence,2
uncomfrotable,1
unfortunatebc,1
placewhich,1
upsettingyeah,1
equatethis,1
upsetthis,1
takeoverits,1
flags,2
upgo,1
celebrating,1
carnivali,1
celebrate,1
applicable,1
germany,1
inherently,1
antisemeticlike,1
emailbecause,1
born,1
thatyeah,1
ig,1
equating,1
transphobia,1
ridiculousi,1
greg,1
abbot,1
motherfucker,1
blamekind,1
sticky,1
mural,1
downi,1
dallas,1
lame,1
downqueerdle,1
53,1
46,1
ü••ü••ü••ü••üêçüêçüêç,1
ü••ü••ü••üçåü••üçåü••,1
ü••ü••üçåüçåü••üçåü••,1
üêçüêçüêçüêçüêçüêçüêçand,1
therei,2
chrisit,1
lameweve,1
both,6
betrayed265880496389619712,1
roomatemotherfuckershttpstenorcomviewfriendsfriendstvrossgellarpivotgif5230248which,1
involves,1
workour,1
solution,2
dowhen,1
haircutmaybe,1
semestershe,1
pink,1
scrunchy,1
tomorrowwe,1
snacks,1
librarymeredith,1
mentioned,2
passed,1
outwhile,1
aditihearmentiondream,1
aditiintif,1
aditihashomework,1
aditiplayvalobut,1
crunchi,1
25,1
hourswheres,1
conditional,1
aditimentalhealth,1
0qea,1
valocan,1
readthere,1
signa,1
spotify,1
friendskill,1
themunless,1
brought,1
possibleüòíthis,1
insanebut,1
bridgeits,1
thoyour,1
collegeyour,1
uphttpstenorcomviewfallbacktimechangespinningclockturntheclockbackclocksgif12827256maya,1
usuallyhttpstenorcomviewsmokecigaretteskhalifagif14617129why,1
graveyarscould,1
word,9
culty,1
exclusionaryhe,1
texted,1
anglehas,1
yetmaybe,1
flirt,1
time293841654702407680also,1
pushed,1
knownever,1
family,1
discordlol,1
goodonce,1
collectionalbert,1
eroded,1
florida,1
coast,1
manriquethank,1
windfarms,1
delightfultheyre,1
happynow,1
copy,2
pasting,1
fedex,1
trucks,1
wherever,1
themfuck,1
thisi,3
doneeven,1
imagesgot,1
sources,1
finishedholy,1
shitjordan,1
shown,1
yet,2
either,2
lasers,1
yerits,1
itjesus,1
sleepgo,1
bedpainting,1
cups,1
thiswtf,1
oliverwe,1
nothis,1
muchwhat,1
jamal,1
joinswhat,2
ado,1
wally,1
joins,1
fratnow,1
nicofirst,1
tedall,1
joining,1
fratsi,1
properly,1
digest,1
itbut,1
enjoymenthow,1
hours152,1
pages,1
writingwordshow,1
chapter,1
763k,1
worksdont,1
hypnosis,1
thisim,1
dissapointed,1
nowwould,1
ladybug,1
thowait,1
herethe,1
scream,3
mistake,1
throat,1
sufferingyesprepare,1
brisk,1
pacewh,1
loungewere,1
woods,1
brycehow,1
needi,1
sooni,1
probablyanyone,1
join,1
woodsaaaaaaaaahhhhhhhhhhhhhhhhhhhhhok,1
swap,2
lenses,1
fakes,1
hmmm,1
planning,3
thoughtcan,1
octagon,1
glassesyeah,1
merge,1
eyes,3
minenot,1
thatdo,1
eyesspiderwebheartfuck,1
circlemy,1
circleand,1
bakedownim,1
thisbut,1
somehow,1
worsethis,1
help1,1
916,1
pillow,1
bearingim,1
considering,1
crediting,2
thermo,1
experimental,1
gradingidkbut,1
comp,3
robo,2
lotdiscrete,1
robothats,1
tour,1
agolol,1
whereangryhaving,1
gradesnever,1
thatrythonscratchrif,1
honda,1
eceone,1
timeolin,1
purging,1
programmerscould,1
bothlegally,1
allowed,2
offer,1
programming,1
coursesyep,1
strokeim,1
calling,1
emergency,1
services,1
roomi,1
dyingim,1
rowboatthe,1
truth,1
revealedjonathan,1
runs,1
tormacheveryone,1
resin,2
willing,3
mewrong,1
imageill,1
probablysend,1
overthe,1
bottom,2
area,1
tablesyeahi,1
strangetheres,1
glue,2
guni,1
spent,1
failedmake,1
onits,1
blackback,1
shelfwhere,1
belongthough,1
ideayou,1
partner,2
kenta,1
issure,1
youd,1
lighter,1
fluidwe,1
submitmy,1
idea,3
computer,2
model,1
onto,1
burning,1
parking,1
lotis,1
littered,1
notes,1
myselfseems,1
iffyi,1
askbut,1
fabricate,1
costand,1
workable,1
smoker,2
semesterhopefully,1
majority,1
leavemy,1
nowwe,1
yeti,1
helldesnat,1
smokerand,1
saturdaysundayi,1
panickingi,1
solid,1
yesterday,1
contentive,1
halfanyway,1
houroh,1
lolwhat,1
likeand,1
visual,2
elementsdefinitely,1
amoutn,2
text,2
block,2
ithonestly,1
it177560170656694282,1
detailed,1
critiqueim,1
colorscheme,1
minimalhow,1
muchim,1
heavy,1
gradients,1
stuffinfra,1
type,2
layouthow,1
effort,2
layoutno,1
wifitrue,1
google,3
indesign,1
planeits,1
startbutguess,1
mockup,1
graphics,1
edit,1
contenti,1
building,1
boat,1
based,1
multivariate,1
functions,2
tomorrowlikely,1
notso,1
engr112504,1
engr112503the,1
codes,2
follow,1
format,1
beit,1
spacewhat,1
kdcourse,1
fastestsadthen,1
otherslike,1
individually,1
wantwere,1
fwop,1
register,1
yetlike,1
730,1
dot,1
itdid,1
select,1
dropdownyou,1
paste,1
fast,1
enoughif,1
interestedisim,1
slots,1
openyesspreadsheetfun,1
rowboathave,1
2ripis,1
early,2
onemy,1
registration,1
730anything,1
alrightim,1
leaning,1
towards,1
4this,1
isims,1
funrowboat,1
mechproto,2
softdesconsidering,1
option,1
4the,1
thenhuhi,1
amim,1
recover,1
sexnot,1
allin,1
audio,1
book,2
form,2
speedi,1
didi,1
denial,1
andrewhow,1
credits,1
needrealizing,1
slowly,1
integrated,1
hs,1
motivation,1
2020,1
puzzle,2
scavenger,1
hunt6,1
oco,1
researchharddes,1
sureone,1
strike,1
imagine,4
emerging,1
encyclopedic,1
knowledge,1
knots,1
glassy,1
unseeare,1
shithttpstenorcomviewbreakingbadbbjessejesseyeahbitchyeahbitchgif15852209im,1
hereis,1
infoplease,1
clubbut,1
handi,1
supposeaditi,1
notably,1
bottoms,1
miles,1
kdyou,2
situationsure,1
deserve,1
disrespectedchange,1
sub,1
questioni,2
ozzie,1
busy,1
ideationjotting,1
ideaswhat,1
doingi,1
docokso,1
truetrue70,1
70,1
sun,1
downjust,1
suns,1
hit,1
ocean,2
amountwell,1
uh,1
oceans,1
rightmeanwhile,1
beautiful,2
interpolated,1
valueours,1
41,1
ode45,1
limited,1
depthnot,1
helpfullike,1
tubehow,1
constants,2
hte,2
lengthnicethis,1
squid,1
gamewere,1
hereunstructed,1
languageextensive,1
intensive,1
systemsboundariesheat,1
flowpower,1
temperature,1
radiationlolbandsawnvmhow,1
pdf,1
formator,1
guestimation,1
sort,4
dealso,1
tightly,1
packednow,1
manually,2
edgesok,1
ityeah,1
seeing,2
ithowcan,1
rotate,1
pieces,1
drawingwell,1
themhonestly,1
rectangles,1
chunkyor,1
machine,1
shopping,1
itare,1
stuffok,1
scaled,1
drawing,1
thingcant,1
searchokbut,1
fill,4
rectangleit,1
densely,1
pack,1
rightok,1
lasercuttingwould,1
became,1
notarythe,1
askoh,1
rightbut,2
cooli,1
thatformwaithonestly,1
funroboi,1
robots,1
pythonat,1
described,1
robotics,1
backwardsbrooke,1
deletedhard,1
desi,1
rulessela,1
s,1
‚úÖ,3
üö´this,1
reasonscla,1
misses,1
againspinrip,1
plansi,1
thingits,1
filletssmartest,1
tackles,1
simplest,1
problemsuspensionlol,1
psychopathicso,1
wetit,1
hanging,2
showrrbc,1
blocks,1
accessmore,1
importantly,1
placed,1
towel,3
rack,2
elsewheremy,1
beforehe,1
beme,1
showered,1
daysalso,1
alarmingly,1
shower,2
unmoved,1
suggests,1
towell,1
someonell,1
inwhatre,1
doinglol,1
idkan,1
halfan,1
reasonable,1
likeim,1
lateits,1
onewhatd,1
missbajaoh,1
biobe,1
passive,1
aggressivei,1
chair,1
direction,1
goits,1
taylor,1
seriesyes,1
ami,1
latethough,1
ca,1
nervouswell,1
spicy,1
op,2
amp,2
ad623,1
necessary,1
treat,1
therefor,1
setup,2
wheatstone,1
bridge,3
sensitive,1
measured,1
unknown,2
resistors,1
transform,1
voltage,2
resistance,1
derive,1
yourslefi,1
equation,1
terms,2
mass,1
regression,1
slope,2
20mv,1
sensitivity,2
2this,1
lab,1
bogged,1
circuit,1
bitok,1
hop,1
itwell,2
hoppin,1
vc,1
deal,1
this887086756653043782,1
valoranthes,1
capossibly,1
rnhttpstenorcomviewgetrealgamerjenolinbanggif20713823httpstenorcomviewbreakingbadtoiletscenehankrevealinggif18042867httpstenorcomviewbryancranstonbreakingbadpizzamoneythrowgif14536902httpstenorcomviewdrinkingcoffeethirstybojackwillarnettgif16115558httpstenorcomviewhankbreakingbadunhappygif11782766httpstenorcomviewshinjishinjiikariclubpenguinpenguindancingclubpenguindancegif24029283i,1
datame,1
dois,1
inwait,1
hwresolvedthis,1
easier,1
classok,1
whos,1
dmed,1
john,1
teammates,1
zachs,1
third,1
personare,1
doom,2
groups,2
canvas,1
oneswho,1
zach,1
partnerits,1
badqea,1
‚ù§Ô∏èstill,1
figuring,1
thirdthe,1
matlabno,1
solidworksoh,1
requiredive,1
locationi,1
cob,1
solidworkst104,1
joulesfuck,1
itactually,1
what5104,1
newton,1
metersloland,1
implement,1
matlabi,1
curvejust,1
quiznvm,1
iteverything,1
wacky,1
answerscould,1
remind,1
displacement,1
ratio,1
uttered,1
minutesby,1
dryest,1
innot,1
necessarywhat,1
onefor,1
55,1
workif,1
unitsbut,1
normalizedyeah,1
vector,1
workscheck,1
dmsüò°its,1
aa,1
1015,1
di,1
ishaantheyre,1
madyou,1
gothen,1
alread,1
haveif,1
attendenceyou,1
thatbig,1
wattpadthe,1
simple,1
supremacy,1
wattpadto,1
condemn,1
lesson,1
planas,1
manufacturing,1
china,1
amazon,1
sucks,1
selling,1
quantities,2
designed,2
exercise,1
abandoning,2
enoughgave,1
teachers,2
creditto,1
preconcieved,1
notions,1
prone,1
ironic,1
demanding,1
hatedwell,1
deserves,1
trust,2
demand,1
thingi,2
tobut,1
whateveri,1
engineered,1
learn,1
nothingi,1
concerns,1
classesi,1
silly,1
judge,1
harshely,1
shows,1
lack,1
teami,1
premiselike,1
monthsa,1
classin,1
learnas,1
curriculum,1
concretely,1
worsehe,1
dissapointedthey,1
finecould,1
issues,1
thementrepreneurship,1
oberoii,1
pointhuh,1
okif,1
readyreally,1
autogradwstill,1
unfortunayeits,1
points,2
itfucki,1
pylinti,1
ton,1
conditionalsfull,1
minutesafter,1
tests,1
runare,1
defining,2
essay,3
dpothere,1
amino,1
acid,1
mskillassignments,1
6amwhat,1
portionwow,1
okoh,1
glyco,1
surface,1
proteinare,1
assured,1
spike,1
proteinbeautifulefficientso,1
easywhen,1
keys,1
listkeyindex1valueindexjust,1
dictionarylist,1
key1,1
value1,2
value2,2
key2,1
containing,1
valuestbf,1
million,1
listswhile,1
looped,1
thorugh,1
dictionaryi,1
loops,1
elifs,1
apparentllooking,1
markov,1
mineme,1
dictionarydo,1
docstringsafter,1
donut,3
reached,1
sentencethen,1
itso,1
three,1
above,1
randomlyso,1
sentence,2
bagel,2
waffleafter,1
waffleor,1
al,2
ist,1
afteryou,1
donuti,1
donutimage,1
wordsben,1
morris,1
within,1
functionbut,1
whateveris,1
stupidwhich,1
btwjust,1
remove,2
elif,1
replace,1
ifsteve,1
answerit,1
fail,1
testi,1
itlol,1
ifoh,1
waitill,1
erase,1
quickthank,1
pylintbc,1
workbut,1
slightlymy,1
images,1
weirdly,1
grainy,1
slightly,1
wrongzoomykek898763688872378369lol,1
thinkim,2
goodyeah,1
hallwayso,1
leavetheyre,1
recursive,1
binary,1
search,1
outand,1
sometimesbut,1
skin,1
crawlingi,1
lotbut,1
skincrawli,1
ambient,1
peoplebc,1
tempted,1
leavethere,1
environment,1
conducive,1
productive,1
silent,1
intermittent,1
talkingthe,1
workhow,1
parenthesis,1
palindrome,1
reportsits,1
longghost,1
loldonethat,1
appear,1
seemingly,1
nowherei,1
actual,1
random,1
signslolmy,1
floating,1
strings,1
hwyif,1
thatwhenever,1
coding,1
error,1
memostly,1
mad,3
division,3
produce,1
integer,1
outputsand,1
htishaving,1
operatorim,1
questionsso,1
andand,1
syntax,1
errors,1
statementsnot,1
coveredlike,1
lineand,1
knowyou,1
codeit,1
quizim,1
quiz,2
coveredkind,1
embarrasing,1
integerwhen,1
coursesit,1
myolinkate,1
commitment,1
issuesohisnt,1
weekthat,1
og,1
creationhttpstenorcomviewsoftkobebryantnosmhshakingmyheadgif18860898ghoulishjust,1
account,3
kerfmake,1
kerf,1
lasercutter,1
sides,2
subtract,1
tight,1
thousandth,1
looserboxdefinitively,1
ititsi,1
gather,1
datayes,1
thisdo,1
haram,1
shamamais,1
rowboatwas,1
chriswho,1
hatercan,1
rowboat,1
pursuitfake,1
shitlol,1
ifi,1
cw,1
poimaybefr,1
frso,1
truesometimes,1
spinning,1
floware,1
100,1
cotton,1
glovessome,1
shotpretty,1
imoive,1
enlightenedthe,1
millalternatively,1
speed,2
increases,1
revolutions,2
tricksthe,1
feed,1
rate,1
inches,1
revolutionjust,1
tricks,1
minutesame,1
beats,1
rotationsyour,1
increasing,2
overall,1
speedso,1
poi,5
trick,1
intervalit,1
perfect,2
sensethe,1
latheive,1
realizationwhat,1
nextconquereddonewindmills,1
reverse,3
windwills,1
enoughim,1
arguably,1
decent,1
nowyeah,1
killerbutterflies,1
alternate,1
frontits,1
butterflies,1
harder,1
differentand,1
stupidjust,1
needle,1
iswindmills,1
beat,3
onlinei,1
called,1
orbitalswhats,1
spin,1
headcoolanyway,1
nextspinny,1
ez,1
spinny,1
backward,1
hgahashdfhashdfhahsdfit,1
longposted,1
chat,2
beathmmmmmmmmi,1
itlike,1
motioni,1
transition,1
backits,1
hardhow,1
7,1
tosses,1
eludes,1
medoneis,1
tiny,1
hilariousnpimaginehighschool,1
shopnot,1
hardalready,1
perfected,1
tosseswatching,1
stone,1
practicing,1
poihttpstenorcomviewfirefirespinningfiredanceperformperformergif15238647next,1
light,1
zoomeven,1
cartwheel,1
spins,1
across,1
backanyone,1
backflip,1
emoji,1
metado,1
dohttpstenorcomviewneilpatrickharrishimymhowimetyourmotherbarneystinsonthumbsupgif7517372why,1
muchthe,1
holding,1
yourselfi,1
fans,2
thoor,1
staffitd,1
centerid,1
wanthttpstenorcomviewbreakingbaddrinkingwatergif16969010well,1
games,1
then887086756653043782,1
valoranti,1
stroke,1
diedeverything,1
perpetually,1
trapped,1
neverending,1
curse,1
often,1
blessed,1
cryptic,1
himhttpstenorcomviewevanit0evanitoevananimecosplayuwugif23310858i,1
ithmmmmmim,1
tr,1
growth,1
yesdelete,1
accountgllolchill,1
pings,1
pleasehttpstenorcomviewkarutakdkdropdropgif23239402wow,1
hardexplore,1
sewerreal,1
craftsmanshipim,1
discordits,1
anonymous,1
it262245801416327169,1
quinn,3
well894288291703189505,1
formi,1
team,2
nowlamei,1
upwell,1
thrilledhow,1
havethis,1
factualassuming,1
openfirst,1
east,1
roomyeah,2
8oküò¶surewhere,1
yousurepushing,1
613,1
doc,1
downbut,1
seehonestly,1
bound,1
forgottenthe,1
probablyi,1
yourselves,2
56,1
timedoesnt,1
switching,1
numberssure,1
numbers,1
saturdaywhen,1
sorts,1
players,2
cr,1
16,1
monster,2
level,4
answers,1
bother,2
noanyway,1
character,11
sheets,2
finished385264950479814666,1
remembering,1
correctlyanyways,1
pleaseok,1
locking,1
addition,1
dayis,1
procrastinating,2
dungeon,1
masters,1
guideexplain,1
dmskate,1
captured,1
battleas,1
brookes,1
request894288291703189505,1
generic,1
prisonerif,1
lore,1
possibly,1
accomodatepick,1
goodnot,1
issueat,1
plannedthese,1
brokenbut,1
worried,1
utility,1
spellsthis,1
finejust,1
wantuhhhshitthey,1
doyeah,1
spells,1
irrelevantthey,1
piratethis,1
fidelitylol,1
noone,1
maps,2
populating,1
areasnicesend,1
sheetsorry,1
druidssorrybut,1
magicalmagic,1
existsyes894288291703189505,1
updates,1
solidifying,1
nonmagical,1
rogue,1
fighter,1
barbarian,1
ranger,1
monk,1
paladin,1
brig,1
shipi,1
guessif,1
canit,1
equalyes,1
pleasebut,1
scheduledepending,1
skill,1
creating,1
earlyniceyesunday,1
night3anyway,1
equally,2
yourselves894288291703189505ok,1
sessions,1
scuffed,1
6930,1
1130,1
specifics,1
artificer,1
mystics,1
neutralgood,2
alignment,1
outor,1
nextthis,1
sundayyou,1
hour894288291703189505,1
when2meet,1
finalizing,1
infrastructuremakes,1
senseohhhhwho,1
oilgo,1
guidelines,1
followed,1
alignments,1
killing,1
users,1
druids,1
ahhhhhhhhh,1
inclination,1
itoh,1
surei,1
rp,1
combat,1
puzzles,1
story,2
standard,1
low,1
levels,1
leeway,1
preference,1
statedserious,1
stopill,1
tonightdepending,1
peoples,1
availabilityid,1
weekendi,1
thenok,1
evenbarelywe,1
midday,1
tuesdamonday,1
alrightno,1
lolspending,1
roomate,1
silence,1
videogames,1
day3,1
sweet,1
dndi,1
signedu,1
samesoudns,1
goodtruehe,1
revolutionized,1
craftcoreand,1
itthey,1
pcathey,1
automatically,1
created,1
genre,1
linalg,1
netbut,1
vein,1
smp,1
peoplespotify,1
rightyeah,1
downwhen,1
concertwhats,1
cave,1
townandrew,1
‚ú®,2
adhd,1
particularly,1
shockstill,1
problemjust,1
involved,1
section38,1
act,1
scenes,1
writtengood,1
morningsleep,1
unimportant,1
artbut,1
spacedoh,1
script,1
donedid,1
oliverim,1
opener,1
envisioning,1
timed,1
action,1
pit,1
sync,1
actions,1
effectsok,1
coollike,1
scenecould,1
gunshotswhat,1
fwops,1
sound,1
effectsfwop,1
peopleim,1
oomph,1
drawingbut,1
physicalim,1
drawingis,1
goodbut,1
reminders,1
optionanyway,1
goodnightdoes,1
enjoy,2
writingdrawing,1
timemotivation,1
yell,1
ourselves,1
herereal,1
knowepfd12,1
hugei,1
rivets,1
bigyeswhile,1
jordan,1
round,1
hiring,1
semesteryeslast,1
agoi,1
submitted,1
agome,1
boysmig,1
passedrealized,1
couldnvmsame,1
eitherim,1
hijacking,1
turning,1
screenshots,1
posted,1
acting,1
archive,1
minimal,1
discussion,1
herecould,1
delete,1
chatr,1
noir,1
ur,2
body,1
suitr,1
adrien,1
modelmiraculous,1
woahhhhh,1
amazing,1
1010,1
ahhhhhhhhhh,1
somestepson919420909251592232its,1
borderline,1
unplayableive,1
played,1
funnydont,1
harlotandrew,1
thatnightmare,1
scenariobad,1
poc,1
stillbadassyesbut,1
worksdidnt,1
thathttpstenorcomviewdrinkingcoffeethirstybojackwillarnettgif16115558average,1
crossing,1
guardso,1
excitedhubchubgot,1
snazzy,1
decor,1
room262245801416327169,1
art,1
uploads,1
media,1
criticismspottedmfwi,1
lose15,1
minuteskate,1
losesid,1
excellent,1
dryersof,1
puffer885795750787842049,1
üëâ,1
üëàin,1
scenario,1
alberts,1
twin,1
brotheryallre,1
cheating,1
medoes,1
sell,1
pride,1
clowned,1
supportantstroshouston,1
ants,1
awesomethanks,1
slolzzzi,1
legitimate,1
strategy,1
workalso,1
steel,1
ball,1
opened,1
mefell,1
booster,1
wiped,1
outwoke,1
dehydrationalso,1
improv,1
lines,2
killed,1
himself,1
correctand,1
distinctly,1
determined,1
auditioning,1
nahhhhhh,1
senseyesterday,1
starring,1
performance,1
auctioning,1
bought,1
75,1
dollarstook,1
meds,1
qea7135383508,1
insta,2
lhwitten,2
snappieguy20217135383508,1
snappieguy2021vaporeon,1
cosplaytruer,1
spokenim,1
intruigedwhats,1
islandare,1
ellie,1
suspension,2
patiently,1
workwas,1
mayaare,1
gun,1
stickythis,1
wrongso,1
soonlegit,1
speakerare,1
instagram,1
youyou,1
retroactively,1
worsehttpstenorcomviewbajalifebajalifecargif18754618yall,1
disrespecting,1
smhjust,1
methis,1
questionnow,1
mockeddelete,1
bot,1
