i,525
didnt,22
see,30
this,96
chat,18
till,12
just,211
now,46
lmaoyou,1
can,87
run,9
it,257
for,223
me,140
tostream,1
labs,1
takes,1
so,167
much,22
cpui‚Äôm,1
gonna,39
make,57
a,376
gc,1
everyonety,1
tyi,1
do,106
in,202
fact,5
need,51
another,12
person,19
561892052854636575ty,1
appreciatedo,1
any,10
of,192
you,176
have,202
phasmo,4
would,30
like,156
to,635
fill,1
lobby,4
made,23
an,39
hour,12
at,93
3pm,4
cst,11
i‚Äôm,30
streaming,24
but,159
also,31
filming,6
ytthis,1
laughi,1
am,21
not,104
around,12
sorrytyi,1
agreelmao,1
got,42
the,561
time,45
wrong,3
cause,69
daylight,1
savings,1
blame,2
host,18
being,31
from,45
uk,2
show,9
is,250
tmwrhey,1
guys,16
imma,1
be,165
on,214
gameshow,2
tmwr,7
and,369
im,111
hella,4
nervous,5
heres,3
link,6
channel,4
its,70
hosted,3
starts,3
2pm,1
itd,6
super,3
swag,1
yall,29
if,95
youre,8
available,4
sometimes,2
there,18
decides,2
round,1
against,1
few,4
partnered,3
streamers,3
lmao,1
httpswwwtwitchtvrawssydepends,1
try,13
freeits,1
houselisten,1
sierwe,1
are,108
doing,42
marbles,9
noweyo,1
know,71
ill,34
probs,6
them,44
sometime,2
stream,82
tonightmy,1
ranboo,7
merch,5
delivered,1
while,20
goneyou‚Äôve,1
kidding,3
mecome,1
sd,1
fucking,8
freezing,1
my,325
ass,8
off,26
heremost,1
creditors,1
still,53
school,11
or,80
graduated,1
will,37
take,13
that,169
only,52
little,14
into,29
account,8
dont,71
rely,1
better,13
than,21
nothingwhich,1
wayyyy,1
minimumso,1
what,56
since,18
cant,29
pay,10
full,6
minimum,1
58,2
month,5
least,8
100,3
shows,3
paying,3
actively,1
making,16
active,1
effort,1
backyes,1
as,44
long,17
payed,2
everything,11
prior,1
youll,4
those,7
purchasesto,1
avoid,1
late,3
feescause,1
they,85
keep,18
opening,1
new,18
cards,5
paypeople,1
rack,1
up,59
100k,1
thatalso,1
whatever,5
open,5
second,11
credit,7
card,9
first,21
end,12
severe,1
debtwell,1
nowi,5
mean,12
helpful,3
cautious,1
use,25
when,55
funds,1
way,16
fall,5
debtin,1
complete,2
transparency,1
sitting,3
about,47
2000,1
dollars,3
ive,14
had,29
completely,6
once,12
which,14
really,23
bad,22
everytime,2
gotten,5
close,9
finances,1
pop,1
with,107
mom,7
cover,2
expenses,1
cycle,3
want,71
ityeah,2
thats,17
how,54
karl,6
money,8
rn,15
back,36
get,92
twitch,18
payout,3
next,15
cardat,1
die,2
looking,9
hot,3
merchbut,1
who,24
cares,2
well,10
all,60
dead,6
by,16
2050,1
rate,1
december,1
midwest,1
hasnt,3
snowed,1
onceim,1
such,9
creditso,1
using,6
groceries,1
home,4
things,32
switflythe,1
best,4
utilize,1
buy,7
something,12
immediately,2
broke,2
loli,15
job,1
soon,7
though,5
study,3
abroad,1
greece,1
summeri,1
put,14
cardi,1
no,38
sense,3
moneyand,1
yeah,5
right,12
top,5
priority,1
both,7
enjoyment,1
feel,22
spending,3
itcould,1
deck,3
ratei,2
spent,2
117,2
merchi,1
asked,4
christmas,1
lore,29
streams,12
easierand,1
here,10
buying,4
merc,1
hso,1
many,8
upgraded,1
keyboard,1
webcam,2
mic,5
afford,2
ityesdont,1
your,50
laptop,7
ruin,1
batteryi,1
20,4
left,6
drop,9
one,90
pretty,13
confident,1
dropped,2
50,3
26,1
opened,2
safariguys,1
dies,1
during,13
class,9
going,44
crythank,1
‚ù§Ô∏èits,1
other,15
ccis,1
okay,6
tell,11
maybe8pm,1
cstdid,1
download,2
pico,1
park,2
was,89
sale,3
free,10
tonighthey,1
crab,3
game,8
7pm,1
death,2
play,17
arent,8
discord,13
let,15
knowwould,1
anyone,20
gartic,1
phone,3
tonight,15
tbax,1
lilly,14
eat,2
after,26
we,58
again,12
later,4
knowjoin,1
vc,12
drag,1
inare,1
serverit‚Äôll,1
x,7
too,17
through,9
some,14
weird,4
audio,2
ways,1
fyiyesfeel,1
join,11
afternowe,1
15,2
minsj,1
c,2
b,1
o,1
xwould,1
playhello,1
jackboceyo,1
y‚Äôall,5
send,15
photo,1
you‚Äôre,3
faceless,2
logo,1
comfortable,1
tiktoki,2
hate,29
life,3
againi,5
classgood,1
decided,7
actually,15
bathroom,2
lolso,3
go,36
130,1
that‚Äôs,4
longcause,1
it‚Äôs,18
been,37
three,15
minuteshow,1
bathroomshould,1
completelyi,1
classsorry,1
died,4
went,7
lolno,2
has,41
classeshi,1
keycause,2
none,4
friends,16
english,1
majors,1
ahve,1
classesit,1
must,2
major,1
type,4
thing,34
thenim,1
trying,29
find,8
correlationdo,1
community,4
official,3
collegeeveryone,1
talk,8
3,7
classes,6
wierd,4
mern,1
minutes,10
except,4
1,7
hr,1
30,5
minutesthis,1
longest,1
semester,3
itill,2
thirty,1
zone,1
out,59
diesthis,1
literally,11
bores,1
mind,4
especially,2
readingssadgemy,1
1me,1
skipped,2
mindi,1
planned,3
us,13
happeningummm,1
sure,10
check,8
tbhi,1
think,51
leave,5
26thjust,1
week,12
break,4
happens,4
meeting,13
lillyyou,1
should,23
told,6
sooner,1
live,20
hours,9
away,12
quick,3
drivepacking,1
jasper,9
her,48
stay,5
donelike,1
large,1
essay,9
due,5
startedi,1
lot,16
done,19
before,16
chicago,1
saturday,2
stressed,2
focus,3
themalso,3
soooo,1
lolfreezing,1
exhausted,1
goodsooooo,1
day,10
goingsomeone,1
extremely,1
bored,1
dyingpretty,1
minecraftaccepted,1
leaguenot,1
acceptedbut,1
scuffedits,1
goodgod,1
love,40
gamei,1
because,29
why,26
omg,3
doesn‚Äôt,3
mine,25
look,21
thati‚Äôm,2
redo,1
overlays,2
nowall,1
metheres,1
learn,5
beforewhat,1
drained,1
definetly,4
already,16
iti,11
strats,1
winwhat,1
expect,2
do1000,1
lineall,1
bitchesignore,1
homeworkcant,1
stop,6
tournamentnope,1
nope,1
nopei,1
gameme,1
rnwe,1
cash,2
prize,1
paid,2
might,15
stakes,1
higherthe,1
event,6
working,8
he‚Äôs,6
cc,2
longer,3
excitedmeek,1
their,16
sponsored,1
weekendwhen,1
gift,2
sub,4
watchingim,1
position,1
nominated,4
primary,1
recruitment,7
morei,3
hope,8
chapter,3
looks,13
our,9
goals,2
sees,3
thought,9
minewe,1
getting,22
short,2
sticki,1
id,9
start,13
happen,1
shakes,1
confidence,1
actual,7
electionthat,1
reaction,1
shortclarifiction,1
wordage,1
overly,2
qualified,2
personim,1
ticked,1
running,1
role,8
sorority,4
someone,12
orginally,1
over,8
floor,1
able,8
infuriating,1
half,8
doesnt,21
feels,4
riggedi,1
can‚Äôt,9
move,7
exam,5
tonightsounds,2
goodits,2
pressure,2
changingyou,1
turn,5
down,14
fancy,4
graphics,1
settings,1
help691923060940341259,1
561892052854636575,3
freeyaywould,1
5pm,3
timemy,1
hair,3
itchy,1
ends,3
dry,1
wtfits,1
barely,3
four,7
months,2
bday,2
alongi,1
underage,1
drinking180105249363591170,1
knocked,1
wifi,1
outguys,1
tricky,3
towers,2
674,2
tetris,2
nothign,2
meme,1
wanting,3
dream,18
idea,9
he,54
people,30
universe,1
hates,3
did,31
removed,2
smp,11
awkward,2
message,6
himj,1
more,46
oftenstreaming,1
daily,2
anywaythis,1
busyjust,1
his,21
tweet,9
said,26
searching,1
tiktoktwitchwho,1
goinf,1
peopleguys,1
please,8
cryinglove,1
joy,1
entire,8
soulthe,1
falli,1
herei,4
asleepi,1
missed,4
face,4
revealthanksi‚Äôve,1
lying,1
timei‚Äôm,1
shortnopeguys,1
don‚Äôt,15
worry,3
shortnvm,1
most,5
recent,1
under,6
review,1
reasonif,1
relate,1
don‚Äôti‚Äôm,1
currently,6
posting,2
whateveri,1
understand,3
tiktoks,6
posted,6
days,6
ago,4
168,1
likes,5
700800,1
views,10
175,1
500600,1
neither,1
trending,1
sounds,4
fuck,5
tiktok,27
likescounted,1
something561892052854636575,1
joking,1
edits,4
youtube,3
suggestions,1
todayidk,1
charity,2
friednsi,1
gotta,15
subathon,4
sorts,1
participteeven,1
havent,17
met,1
him,24
creator,2
awhile,2
guess,8
invited,1
part,10
hes,8
organizing,1
mothhes,1
streamer,8
twitchhave,1
heard,2
schmidttwhen,1
meetinghoping,1
hacked,1
notes,2
appmine,1
nowreminder,1
reset,1
key,9
passwordsemma,1
private,3
sends,1
emails,3
gen,1
chatfuturemeekgmailcom,1
five,4
online,5
address,1
moved,1
lolscroll,1
emma,5
needs,7
email,4
share,5
doc,2
withim,1
busy,2
thursdays,1
fridays,1
71130ish,1
sundays,1
630830ishi,1
theres,4
setting,3
idk,22
calledno,1
wonder,1
were,12
low,3
lollol,1
announcement,3
outanyway,1
gni,1
dust,1
fans,2
liking,1
sleep,3
fur,1
itit,3
finished,8
give,11
pc,11
breakill,1
then,44
wake,2
upcause,1
cannot,1
load,3
blocks,1
somee,1
shitit,1
cancelled,4
assumed,1
abort,1
insteadnot,1
alli,2
thatkuhohso,1
woods,1
quite,1
yetim,1
double,5
morning,3
itll,8
450000,2
bots,2
blockalso,1
watching,14
squid,2
games,1
waiting,5
terrified,1
lol,17
severly,1
debt,1
thingsit,1
1500,1
sleeptonight,1
2am,1
instead,9
1am,1
exhaustedday,1
staying,3
until,22
commanderroot,1
finishes,1
overnightim,1
computer,1
shut,2
night,7
deserves,2
breakmine,1
reloadingbut,1
return,1
anxious,1
hadnt,2
lke,1
3ish,1
monthsi,2
400000,1
roughly,3
refresh,2
giving,3
coursemine,1
noon,1
today,19
5000,1
leftim,1
fufill,1
requirement,1
academic,1
prodabtion,1
sororityours,1
good,24
professionals,1
overbooked,1
different,15
formatsfor,1
therapyyou,1
university,1
counseling,1
stuff,16
set,6
appt,1
november,1
1stand,1
hoss00312fierce,1
spelled,2
sheet,1
bottom,2
columnalso,1
hoss00312embarassed,1
exist,1
anymoreit,1
took,6
ban,3
fyiyeah,1
grabbed,2
twitterall,1
beginnings,1
same,11
copy,1
hoss00312,1
change,8
last,15
wordi‚Äôm,1
chatnew,1
hoss,1
accounts,1
ones,10
cophence,1
watch,13
quackity,2
retaining,1
moreyepchaci,1
means,4
dope,1
says,9
anymoreim,1
taught,1
native,1
speakers,1
shell,3
say,22
certain,4
lets,2
ask,7
questions,2
words,1
interst,1
usthats,2
hs,1
spanish,8
teachers,2
suckgusta,1
jugar,1
video,10
juegosyou,1
even,12
yo,2
soy,1
form,3
impliedyou,1
keys√≠i,1
lo,1
siento,1
como,1
se,1
dice,1
insert,1
englishive,1
quackitys,1
helps,2
translating,1
fly,2
remembering,1
stuffnot,1
confused,2
invierno,1
winterhelli,1
learned,1
that√≠simao,1
added,4
adjective,1
veryi,1
marry,1
very,4
rich,1
manvery,1
richmi,1
vida,1
es,1
infiernosime,1
quiero,1
cansar,1
un,1
hombre,1
ricisimame,1
gusta,1
la,1
bibliotecamake,1
chats,4
emote,8
offline,1
help,29
biti,1
saw,5
followedbe,1
safe,3
yallmust,1
sent,7
thejust,1
gunc4,1
followed,6
checleveryone,1
usernames,1
starting,12
gun,1
usuallyhey,1
hayley,5
following,3
channelswooo,1
marblesno,1
melook,1
vids,4
inspiration,1
style,1
vibes,2
wellreverse,1
amenhaha,1
year,8
dreamsmp,1
wasyou,1
dye,1
powderhas,1
seen,3
anything,16
mccrand,1
concernedit,1
talks,2
dances,1
songsit,1
menowit,1
statueyepthe,1
dance,3
dome,2
room,5
purple,3
beds,1
staturedoes,1
coords,2
domeim,1
cuyrrently,1
livenot,1
cannon,2
course180105249363591170,1
756321526458089613,1
489485516882837507,1
chaoswith,1
ianyone,1
random,2
lorewhen,1
issuesi,1
saving,2
karls,1
hoodie,2
weekedni,1
whole,6
knowing,2
cut,5
randomly,2
lolit,2
film,3
couldnt,4
character,17
enoughif,1
twitter,7
mcc,9
rising,2
vid,11
nowwell,1
probably,12
submit,1
tongith,1
promo,1
anyway,3
general,3
public,4
file,3
directly,1
wont,15
morningunderstandblecant,1
wait,10
yallthey,1
putting,2
workthe,1
team,4
editing,5
78,1
california,2
pumped,1
ityallyeah,1
courselhi,1
believe,5
thishow,1
could,21
youso,1
tru,1
bestieseveryone,1
bow,1
power,3
godpraying,1
teams,1
application,5
remember,6
namei,1
remembers,1
namemy,1
powerscott,1
audicity,1
never,10
happencause,1
small,11
noxcrew,1
member,1
liked,3
scott,1
qa,1
talking,6
planted,1
seedsoh,1
technically,5
mei,1
lifeanyway,1
audition,9
tape,1
trip,1
deadline,2
dnd,2
gives,2
meet,3
filmlol,1
found,7
changed,3
minds,1
zombie,1
minecraft,2
didi,2
becuase,1
soroity,3
tn,1
üò¶wait,1
wants,14
toi,1
forgot,7
opeok,1
cool,2
uncomfyi,1
discuss,2
pairings,1
plus,1
chatting,2
category,1
contentwe,1
hop,1
tonighti,4
fourth,1
isn‚Äôt,6
content,10
yet,6
she,42
applythey,1
moving,2
viewers,4
forever,1
rare,2
sucks,3
tho,8
modwait,1
happenedabsolutelyminx,1
jschlatt,2
ego,1
funny,8
thise,1
showalso,1
thanks,1
struggling,5
grounda,1
rho,2
gam,2
counselor,1
girls,2
process,1
basically,8
shoulder,1
lean,1
sensehey,1
update,3
head,4
commitiee,1
called,6
emergency,3
exact,1
ours,1
come,8
doneoptifine,1
makes,7
funnyi,2
1171im,1
8thursday,1
early,2
monday,1
depend,1
weekswelcomeschool,1
23rd,1
apartmenti,1
college,7
weeki‚Äôm,1
downi,3
keys,3
dwyou,1
weekwas,1
applied,2
miss,3
anyonecan,1
locksmp,7
retweet,2
applications,1
decent,2
amount,1
appliedi,2
thoughyouve,1
shitting,1
meim,4
seconds,3
overi,1
herewhy,1
hardjust,1
25,1
alotwhen,1
forty,1
overyeah,1
2,6
min,4
maxwhen,1
overtime,2
clips,3
yetwe,1
where,8
priorities,1
lie,1
bear,2
goes,6
mcci,1
woke,5
edit,7
basic,2
lolthe,2
worth,1
itlike,2
legit,2
goodupdate,1
filmed,1
fire,4
editedhopefully,1
goodthis,1
scuffedim,1
recording,2
friend,17
directing,1
agreed,1
lolhe,1
timeim,1
ownprobs,1
davinci,1
resolve,1
tmwrsorta,1
fade,2
black,4
flash,1
along,2
screen,6
senseso,1
needed,2
figuring,1
specific,1
techniques,1
bearsmp,4
app,6
i‚Äôve,3
edited,2
sense561892052854636575,1
rightnow,1
definition,1
clout,3
chaseri,1
etiher,1
replay,1
mod,9
asking,10
record,3
wanna,1
finish,8
example,2
skins,1
present,1
slight,1
narration,1
course,3
prove,3
kinda,13
speak,2
dedication,1
onahaha,1
work,25
31st,1
itand,1
two,24
ideas,1
flashbacks,1
withimagine,1
himchat,1
freaking,3
isnt,16
pog,3
ideaimagine,1
normal,4
introduction,1
bleh,3
lorethe,1
spend,1
deathfall,1
officially,3
build,4
hang,4
nad,1
grind,1
startedfilming,1
hard,2
startec,1
apply,3
wellbaoguhagalso,1
speaking,1
answers,3
scheudle,2
calendar,1
eventually,3
swear,2
constantly,1
dates,1
works,6
majority,1
hardwe,1
stan,2
householdthats,1
goodthen,1
shit,6
together,4
yearcause,1
cleanbut,1
shower,2
timenot,1
lists,1
apartment,1
losing,1
disneyi,1
lolhehe,1
logged,1
access,1
itwe,1
plan,3
largely,1
practices,1
schedulepogi,1
block,2
gameim,1
tired,3
larger,1
level,1
massivesomeone,1
swatted,1
todayyou,1
guy,2
knewpog180105249363591170,1
rightcause,1
tailored,1
music,4
taste,1
stuffyeah,1
youd,1
itits,2
wilbur,15
corspemy,1
gave,4
playlist,2
dmca,1
spotify,1
taking,3
songs,2
onto,1
oneim,1
minute,2
playlisti,1
undocked,1
redocked,1
worksim,1
hoping,3
streamtell,1
obs,6
offokay,1
streamelements,1
tab,4
igyemy,1
alerts,1
workinglight,1
imagesits,1
busyi,1
old,5
chattingsee,1
onei,2
overlayi,1
having,11
remmeber,1
waterim,1
turning,2
hydrate,1
offim,1
overlay,1
gooduse,1
creation,3
tag,1
tonightsamethat,1
chatters,2
biggyso,1
each,6
others,7
togetheri,1
tonightif,1
definetlyi,1
stuck,3
400some,1
smoli,1
recentlyor,1
stick,4
playing,9
mcshould,1
applicationim,1
either,12
sending,2
alot,3
feedbackthen,1
scene,1
maybei,1
stumbling,1
world,3
repeating,1
themselves,5
beginning,2
facts,1
futuremeek,2
twenty,2
lost,4
mumble,1
fades,1
outidk,1
fit,3
storylines,1
acceptanceim,1
creative,4
writing,3
majori,1
sit,1
gasping,1
bed,6
cuts,2
staright,1
camera,4
earlier,1
mclolope,1
appalso,1
unhappy,2
weekly,2
realistic,1
possible,1
aroudn,1
yalls,1
stillim,2
schedle,1
seem,3
chooseand,1
cstlike,1
monthly,1
matter,1
weekand,1
atr,1
italso,3
tofayquestion,1
scheudleall,1
straight,1
thati,3
aware,3
real,5
daydreams,1
intergrate,1
interesting,1
acti,1
itwhats,1
itkey,2
righti,1
twitterhttpsdocsgooglecomdocumentd19zfpwhor6rqdinwwihok9ze38hzaiewirakat1szgkeditoooo,1
sniff,3
knowbut,1
loreapps,1
30th,1
lolbrain,1
workingi,1
wish,4
sleepi,2
sleepdid,1
saying,10
didn‚Äôt,7
yes,5
binge,1
delete,1
yespromo,1
yourself,2
itaccording,1
twitchtracker,1
2018,1
seems,2
goodhow,1
wasn‚Äôt,4
13,4
idkthats,1
slot,1
forwhat,1
fucksome,1
members,1
partnerships,1
brands,1
brandingthank,1
youit‚Äôs,1
call,3
a55mp,3
actuallywe,1
orginal,2
tower,4
mark,1
spawn,1
everythinga55mpthey,1
streamerswe,1
teamed,1
fun,7
bitits,1
infection,3
didim,2
themdo,3
schimdt,1
imsensitized,1
plutozoe,1
isoh,1
entity,1
cramming,1
probablyi,1
figured,3
rolesim,1
nothing,5
doi,3
reactions,1
maybe,5
bot,4
server,18
memorize,1
does,10
whati,2
rolesthe,1
yagby,1
name,6
keysmashim,1
bithow,1
thing180105249363591170,1
roles,1
discordit,1
preorder,1
they‚Äôll,1
dropwshnvm,1
messages,2
lolis,1
116im,1
minutesdoes,1
map,4
single,3
player,1
worldi‚Äôll,1
sorry,3
schedule,2
whacki,1
overcooked,1
i‚Äôll,5
nowit‚Äôs,2
questionableuhhhhnogotta,1
flexwait,1
hoodies,1
og,2
stickertis,1
wifii,1
crashed,2
wifiokay691923060940341259,1
alli‚Äôm,1
15thhes,1
himbo,1
expecte758152420752097330,1
anytime180105249363591170,1
thoone,1
joinim,3
eating,3
licoricebut,1
builds,2
fair,2
planning,3
noweveryone,1
9,8
pm,3
afterwards,1
touri,1
differentdo,1
pallete756321526458089613,1
town,4
square,1
knowcan,1
response,1
not561892052854636575,1
ever,10
tour,2
todayso,1
building,4
temple,1
planningi‚Äôm,1
6pm,1
cstalso,1
inviting,1
sever,1
involve,1
shes,6
yetafter,1
rightthis,1
youhey,1
vouch,1
httpstwittercomfuturemeekstatus1395582286800822278s20ill,1
schedule691923060940341259,1
workits,2
goodthanks,1
guysmy,1
goal,4
100it,1
passed,2
70,1
membersclipsothealienwhats,1
calledi,1
follow,6
botted,1
streamerim,1
calling,2
dilfdid,1
573003253294432267she‚Äôs,1
text,3
flies,1
across,2
tommy,22
she‚Äôs,4
unsure,3
great,1
opportunityi,1
thinking,5
itmy,1
streamlabs,6
80k,1
thirst,2
trap,1
300you,1
hit,8
spot,2
thothese,1
bits,3
funnieryours,1
bettereveryone,1
else‚Äôs,1
font,1
bottomgood,1
thingyours,1
uses,1
point,7
tommyinnit,1
vidit‚Äôs,1
unique,1
seeing,5
tiktokshes,1
dantdmyou,1
joinpre,1
recordso,1
post,8
muchalso,1
thatlike,1
dayyeahthe,1
pushes,3
outsometimes,1
depends,3
artist,3
clarifying,1
commercial,1
rights,1
personal,4
twitchwell,1
techincaly,1
200,3
donations,1
tax,1
sheets,1
claiming,2
emotes,6
business,2
write,6
offonnnnn,1
brightsideand,1
80000,1
debttwo,1
yearsi,1
without,4
telling,4
herif,1
enough,5
revenue,1
outhes,1
case,3
thothe,1
summer,1
expected,2
continue,1
schooli,1
sticker,1
shop,1
planningi,1
yotuube,1
channellolit,1
552,1
checked,1
social,4
blade,4
happening,3
tad,2
bit,8
fasterhave,1
become,2
behind,6
else,9
thistwitch,1
reccomends,1
1k,3
discoveryconversion,1
six,1
annoyingi,1
lolits,1
hostno,1
express,2
interest,2
smallthe,1
waitlist,4
reach,1
waitlistedscott,1
confirmed,3
dictates,1
indont,1
karli‚Äôll,1
duet,2
trapi,1
v,6
chaotic,1
joined,2
upsince,1
god,9
extra,2
3how,1
mans,1
knownot,2
captain,2
sparkelz,1
understanding,3
worked,2
explained,2
todaylook,1
photosmy,1
updatedalso,1
fell,1
asleep,2
pee,3
awake,4
bedalso,1
explain,2
tw,1
suicide,1
attempt,4
unsuccessful,1
irl,2
knew,5
news,4
spread,1
deadit,1
355my,1
deadeveryone,1
uh,2
everyoneim,1
eatingnext,1
corrrectlyi,1
homeworkme,1
ahaha,1
painmy,1
extensionsthats,1
itexcept,1
namethis,2
bitch,3
infoim,1
messaged,2
wellahaha,1
painim,1
upme,1
figure,9
hell,3
past,4
workingwhat,1
meawtfand,1
darker,1
blueapparently,1
docblue,1
apparently,1
updated,2
lines,1
red,2
changing,1
green,2
thinkim,2
insaneis,1
completeand,1
blackso,1
questionsswhy,1
stentanceis,1
versionwas,1
blue,1
stuffi,1
color,5
code,3
projectim,1
tempted,1
novel,2
escapism,1
brain,6
papers,2
professor,1
grant,1
extension,2
somethingahahahahahahahjasper,1
smilethat,1
lolall,1
emotions,1
therapy,4
thursday,3
processed,1
mentally,1
dwas,1
distract,1
myselfemote,1
finally,2
changes,2
neededthank,1
marley,1
nightalso,1
own,3
whats,5
upim,1
minuteseveryone,1
hey,1
knowledge,1
deeply,1
upsettingi‚Äôve,1
emmatheyve,1
distance,1
theyll,3
fineideal,1
stress,1
yessmart,1
debatablehealthy,1
noim,1
speed,3
tonightits,1
culture,1
everyone,7
overdrive,1
studying,1
stuffim,1
final,1
exams,1
projectsthe,1
leading,2
finals,2
weekguess,1
coming,6
stopmy,1
step,1
dad,1
yard,1
outside,2
window,1
middle,1
action,1
todayjust,1
hold,4
weeks,2
almost,7
finisheddid,1
ityouee,1
kidsing,1
methats,1
italizewait,1
whatahaha,1
hides,1
constant,1
gifted,8
subs,4
dmsp,1
creators,3
started,10
recentlyi,2
switch,2
itokay,1
fixed,2
lolbut,2
quality,2
thatand,1
fix,2
output,1
1080p,1
switching,3
720p,1
inim,1
comfort,1
streamernot,1
sparklez,1
joining,2
shady,1
oaksit‚Äôs,1
essays,2
inok,1
nvm,1
myselfim,2
bedi,1
dobutim,1
torn,1
between,3
sleeping,1
side,4
effects,1
vaccine,1
pulling,1
nighteri,1
mental,5
energy,2
thisim,2
exhuastedi,1
big,5
todayi,2
listed,1
assignments,1
semesterno,1
earlierand,1
likely,2
gettin,2
cow,1
snifferish,2
vibethis,1
knock,2
onewhen,1
stalk,1
sweaterbed,1
meekthis,1
enby,1
18,1
assignmentsguess,1
tmwromgcancel,1
assignmetni,1
nowat,1
sayidk,1
spell,2
itadernalinehalfway,1
space,1
paper,4
aderlinefound,1
burning,1
orphanage,1
technoblade,1
funalso,1
factno,1
notjits,1
bus,2
trainlocksmp,1
struggle,1
rni,1
redbubble,1
tuesdayyesi,1
remembered,1
zenithat,1
pagenot,1
spacedi,1
68,1
counted,1
projectsessays,1
nextim,1
overwhelmed,2
themthats,1
workingim,1
assingment,1
tonightnow,1
imagine,2
homeworkits,1
live1,1
resulted,1
6,5
followswe,1
may,1
moderna,3
bitches,2
afpog180105249363591170,1
pick,2
songeveryone,1
timei,4
latest,1
ami‚Äôm,1
monster,1
todayi‚Äôd,1
sob,1
joke,4
hosti‚Äôd,1
sobbingi,1
fundy,1
freak,1
outi,3
shuffle,1
times,1
‚Äúpanic,1
attack,1
scotty,1
sire‚Äù,1
‚Äúwould,2
kind,1
dodie‚Äù,1
‚Äúyour,1
boyfriend,1
wilbur‚Äùpogi,1
gpa,1
above,1
318,1
important,11
recruitmenteveryone,1
sweet,4
bioi,1
dolly,1
parton,1
offered,1
rnyeah,1
noonim,1
follower,5
awayi,1
refreshing,1
pagei,1
relaxed,1
contentim,1
cancel,2
strem,1
realized,2
shot,1
wellpogi,1
ten,4
followers,7
awak,1
tiktokeveryone,1
streami,4
minecrafti,1
caught,3
cheatinggood,1
bitchesam,1
wrongwhen,2
fitness,1
streameri,1
meant,2
obsidianobi180105249363591170,1
forest,1
dedicated,1
demolishing,1
fight,1
bring,4
pieces,1
onionactuallyidkumi,1
tear,1
apart,1
youfoiund,1
discovered,1
led,3
remote,1
wellbut,2
newsdfound,1
pencilwhich,1
unplugging,1
iti‚Äôm,1
assuming,2
managed,1
deskit‚Äôs,1
somewhere,1
bright,1
sidei,1
lpst,1
apple,1
prncilits,1
lip,2
bitedont,1
eyes,1
bite,1
chin,1
grabwhat,1
meanit‚Äôs,1
finei,1
cheated,1
examthose,1
cute,2
emotesnot,1
sticky,1
lolim,2
cheating,1
cheatingim,1
exami,1
colored,1
version,1
processthey,1
freakin,1
emotesits,1
goodlook,1
fboi,2
faceeveryone,1
lookand,1
tiredit,1
latei,1
ami,1
studied,3
examguyshappy,1
birthdaycan,1
dildoalso,1
health,5
loland,2
tiktokofficially,1
40,3
follows,3
linkthe,1
goingpaypal,1
asshole,1
parts,4
fuckin,1
offwaiting,1
paypaltwitch,1
submitted,1
itoh,1
nvmim,1
slowly,2
closer,2
theyd,3
payouti,1
fired,1
hiredi,1
walk,2
ludwig,2
hows,1
hearti,1
fucks,1
pops,1
upludwig,1
soquitguys,1
quiteit,1
300000they,1
subbed,2
thisits,1
timer,1
uptminus,1
10,3
endsi,1
filler,2
lose,3
slotsid,1
yoursim,1
42,1
tiktoksounds,1
jaredif,1
calm,3
ownplus,1
etsy,1
notifications,1
minutei,1
period,1
high,3
orders,1
re,1
wouldnt,5
concernedno,1
tomorrowim,1
sick,2
yelled,2
controlif,1
meek,4
forsaken,1
quitting,1
spoti,1
hereim,1
add,7
accurate,2
activity,1
bar,1
addedis,1
obsif,1
somethingi,1
goodtell,1
read,5
mending,1
murderingmy,1
parents,2
annoyedits,1
mini,2
weekis,1
vodand,1
max,1
9i,1
3tru,1
truill,1
loljust,2
supposed,4
funi,2
tuesday,2
420,1
lols,1
karoke,1
yeahi,1
tried,6
quickly,1
itheres,1
viewer,4
count,8
affect,1
mood,2
depending,1
number,4
jokes,3
vocal,1
inflections,1
engaged,1
talkinglike,1
differently,1
improve,2
thingsi,1
honestly,3
myself,4
goodand,1
dm,5
obsthey,1
tech,2
issues,1
entertaining,1
exactly,4
arethey,1
epitome,1
untapped,1
potential,1
twitchno,1
understandthis,1
bigthey,1
allohseanic,1
nubbinsinc,1
reviews,1
feedback,1
reviewed,1
impressed,1
ohseanic,2
platformnot,1
caps,1
lazy561892052854636575,1
tooi,2
skeppy‚Äôs,1
jack,8
differenti,2
niki,2
hosti‚Äôm,1
surprised,1
oni,2
auditions,4
timeshe‚Äôs,1
regularnina,1
ninaalso,1
clear,1
screenshot,2
cast,2
episode,2
won‚Äôt,4
onyouve,1
me489485516882837507,1
girl,1
boring,2
onand,1
box,3
skating,1
rink,2
tonighttell,1
maddie,1
happy,3
birthday,1
me561892052854636575,2
names,3
trolls,1
usshe,1
mojo,1
jojo,1
issier,1
stupidnothingi,1
hear,3
yallits,1
lagged,1
itbut,1
thoi,3
back180105249363591170ive,1
laggeed,1
discordthese,1
homeworkthese,1
slapthese,1
slapand,1
volume,1
downwhy,1
earbuds,1
streamthe,1
headset,4
amazingi‚Äôll,1
bex‚Äôs,1
lol180105249363591170not,1
bex,1
interviewers,1
hosttyiktok,1
tieanmi,1
herealso,1
ot,1
pages,1
gradenow,1
essaykey,1
meillegal,1
onesim,1
drugsim,1
literal,1
godcdan,1
invitewith,1
joni,1
rythmn,1
flowing,1
disrupted,1
itthe,1
usasage,1
chefs,1
kissi,1
outnotlying691923060940341259,1
notclickbait,1
poggers,1
facereveal,1
imbetterthaneveryoneelseim,1
weekend,1
timesno,1
maddies,1
allwoedmadi,1
superiorim,1
listenign,1
maddieemma,1
nomosses,1
manseshe,1
vc561892052854636575561892052854636575561892052854636575561892052854636575561892052854636575561892052854636575561892052854636575561892052854636575561892052854636575561892052854636575561892052854636575im,1
agrue,1
havejust,1
shoutno,1
cryemma,2
stopno,1
tesxtno,1
evidencei,1
backbonebut,1
yetmy,1
cat,4
surgery,2
bromake,1
upfrom,1
now24,1
hoursthis,1
duei,1
always,5
jump,1
writingthanksnooutlines,1
common,1
corei,1
outlinessierhi,1
seirthey,1
samethan,1
meis,1
differentcause,1
shout,1
menome,1
tooso,1
stealand,1
outline,1
paperi,1
seat,1
pantsim,1
pantserwriting,1
outlinei,1
outlinedwe,1
talkingcause,1
ruins,1
motivation,1
donothank,1
shouting1,1
halfso,1
likebut,1
pagesand,1
background,1
infoi,1
picturemade,1
gremlin,1
happyand,1
thank,2
shouting,1
backi,3
understandi,1
page,3
arguementhelpnow,1
someoneunlessjk,1
jkive,1
thatbut,1
notif,1
proofi,1
fairim,1
liaritll,1
lyingits,1
midnight,1
nowthat,1
stg,2
fail,1
classi,1
farboth691923060940341259691923060940341259691923060940341259691923060940341259im,1
crisisim,1
momentthan,1
shuts,1
downyou,1
promise,1
homework561892052854636575,1
faultbayangim,1
dyingvoice,1
workbrain,1
knows,3
chatthis,1
functionsim,1
dying573003253294432267573003253294432267573003253294432267573003253294432267573003253294432267573003253294432267573003253294432267573003253294432267573003253294432267573003253294432267573003253294432267573003253294432267573003253294432267,1
dyingcan,1
surprisedi,1
peedlifeidk,1
likei,1
maybeupdate,1
list,2
todaystill,1
essayguess,1
whatcant,1
becomes,2
tubbowatch,1
itwai,1
yesi,1
themthey,1
likebecause,1
tiktoksliterally,1
peei,2
backfor,1
focusingtonight,1
nightwhat,1
expectit,1
45,1
tubbo,5
appi,1
written,2
essaymine,1
introduce,2
researching,1
tarotthey,1
known,1
thingtechnically,1
spirit,4
guidesmy,1
comment,2
guidesi,1
guides,2
intuitionand,1
screamingtrust,1
processi,1
itgood,1
questionuhalso,1
essayim,1
wearing,2
pants,1
bothbut,1
emotional,2
releasei,1
letters,1
burn,3
themworldin,1
witchy,1
shadow,2
self,4
sessionsyeah,1
growththats,1
traumaits,1
pastemmaaaaaaanot,1
ignoring,1
finishing,3
spitemine,1
used,6
tramua,1
answerthen,1
herenot,2
pull,3
tarot,2
filling,1
ghem,1
distracting,1
wantdoes,1
dailyill,1
headphoneson,1
servernot,1
sound,3
eloquent,1
writingthen,1
shits,2
giigledat,1
modyou,1
chance,4
medefinetly,1
experience,3
twitchi,3
selectedthey,1
6000,1
apps,1
morningim,1
appyling,1
funziesssslol,1
ripno,1
ini,1
keys489485516882837507,1
573003253294432267,2
691923060940341259,3
180105249363591170,2
lolnot,2
applying,1
tubbos,1
platein,1
camei,1
ordered,2
smaller,1
size,2
nowback,1
coneshe,1
slipped,1
somehowupdatethe,1
cardboard,1
havei,1
somethingpci,1
wires,1
crawl,1
hurt,2
herself,1
oci‚Äôll,1
teacher,2
undergo,1
accommodations,1
house,6
heal,2
properly,2
argument,1
essay‚Äùso,1
it‚Äôll,3
healin,1
defense,1
cleani‚Äôm,1
cleaning,2
roomyou,1
gonebut,1
healthy,1
knowshe‚Äôs,1
scared,2
travel,2
kennel,1
arrivedi,1
herclearlyjthis,1
fault,2
vet,4
surgical,1
knots,1
causing,1
itso,1
brought,4
inher,1
blood,1
came,2
gunkoff,1
topic,1
againmy,2
feeling,2
itnot,1
indecisiveim,1
reading,6
confirm,1
aws,1
wellim,1
manifesting,2
wellnot,1
outher,1
relationship,1
sabotagemeeting,1
fairly,2
soonlets,1
vent,1
themsecurity,1
themtries,1
positive,2
figurehas,1
group,3
trustlets,1
describes,1
jackope,1
personaility,1
traitsjackboyifoldi,1
cdantmy,1
heart,1
rnguysdoesnt,1
knowdoesnt,1
95,2
jobtoo,1
accuartethis,1
readingguysi,1
hostthis,1
stopnot,1
decision,1
movingthank,1
godim,2
glad,2
meekisgod,2
chestyou,1
distancenot,1
communication,1
biggest,1
challengefuture,1
stonethis,1
homeor,1
themselvesmore,1
hobby,1
odd,1
passionate,1
projectsi‚Äôm,1
nowjack,1
connectionwith,1
ecko‚Äôs,1
raidshe,1
connectionand,1
connection,1
importantyeahthe,1
sunday,1
showyou,1
knowone,1
april,1
11this,1
signnot,1
listening,1
describing,1
manifoldyeah,1
view,1
accounted,1
fordid,1
8,3
youtubeaustinshoweveryone,1
uplikes,1
multiple,1
throughs,1
comments,2
shares,1
appreaciatedits,1
uploading,2
nowaustinshowaustin,1
nowcan,2
interact,2
comfortableim,1
ready,4
loh,1
tiktokannouncemnetand,1
pretend,1
therebut,1
namesit,1
chancesi,1
gifting,1
gonedocthers,1
optionswho,1
solid,2
pinki,1
noticed,2
keyi,1
thiscause,1
cani,1
sier,5
pirateemmasierhayleyrainekeymeekim,1
vidi,2
wayyeah,1
like180105249363591170,1
wahtwhat,1
site,1
repost,1
legacythats,1
tweetindependent,1
wrongi,1
postwait,1
noi,1
word,1
uploadwho,1
watched,2
itthere,1
itthats,1
pointthat,1
funnygreatyou,1
favorite,2
candys,1
yetthats,1
counting,1
watches,1
ithayley,1
viewi,1
hardthank,1
youand,1
onecause,1
viewsis,1
uphold,1
onwaitsier,1
offbrand,1
tommyinniti,1
emmahttpswwwyoutubecomwatchvbvgquwschbo,1
viewsyour,1
kiddingthe,1
upload,2
failedit,1
fasterits,1
oneveryone,1
videojust,1
tiktokfound,1
pets,1
rain,1
stormsi,1
gtg,1
tmwrand,1
niche,1
importantmine,1
skit,1
doesi,2
yeti,2
platform,1
alottwitch,1
livestreaming,1
twitchstream,1
growth,1
twitchtvtiktok,1
fyp,1
save,5
prerecord,3
captions,1
postinginstagram,1
poses,1
stufftwitter,1
realatable,1
tweetsother,1
socials,1
promotingwhats,1
schedulehow,1
often,1
tiktokthe,1
oneme,1
updating,2
section,1
twitchits,1
muchfuturemeekthe,1
humbedbacked,1
demonwomanis,1
coded,1
witch,1
somethingand,1
protection,1
replace,1
themwe,1
guilty,2
qualityand,1
sacrificing,1
streamahhhh,1
headphonesidk,1
nice,2
aboutgrossthis,1
dono,2
realim,1
overwhelmednot,1
stockpractically,1
famousc,1
tier,2
celebrityalso,1
minus,1
ci,1
looked,5
upyou,1
25000,1
lolpog,1
kept,1
unfollowingcan,1
300,2
seperate,3
timesyeah,1
based,1
projections,1
exist561892052854636575,1
thanksthen,1
collect,1
data,1
channelmine,1
streamerfor,1
thinkyou,1
onceilytysmchat,1
methank,1
muchits,1
diamond,2
armour,1
onno,1
thanksliterally,1
getrs,1
anniversary,1
estimated,1
20k561892052854636575,1
serversme,1
empty,1
inverntory,1
forget,2
armor,1
onhad,1
types,2
bread,1
yallalsoits,1
fake,1
overwhelmedthis,1
nopenopesocial,1
thinks,1
10k,1
yeari,2
casemy,1
book,6
banners,1
quickstream,1
welli,3
heremy,1
yetme,1
meetinglolcan,1
invite,4
scuffed,3
squad,2
lagging,1
lollike,1
mcyt,1
habit,1
babying,1
everyonethats,1
itim,1
chris,1
isthey,1
actaully,1
canceledpeople,1
grow,1
tiktoklike,1
summertechno,1
murder,1
george,3
floyd,1
memorial,1
fundim,1
overwhelmedits,1
offlineand,1
smame,1
subsso,1
latealso,1
chests,1
meetingummmmm,1
160,1
dollar,1
donoplease,1
chatbut,1
nowwe,1
everythingim,1
rnnot,1
resetingits,1
centering,1
everyhting,1
nowits,2
workingit,1
zoomed,1
inmy,1
workingnew,1
pcpogsounds,1
wanted,2
it561892052854636575question,1
problem,2
8pm,1
csthlaf,1
birthdat,1
christmasgood,1
planyeamy,1
main,2
wayyyyy,2
videos,2
sensei,1
diveristy,1
vod,5
editor,1
igim,1
thumbnails,1
mass,1
weekendalso,1
reminder,1
vods,2
channelthis,1
pcs,1
bought,1
lolhave,1
paperits,1
skatermy,1
symmetricali,1
alone,2
anymoreif,1
differentyeah,1
sohpmore,1
hsand,1
excluded,1
keeping,2
activities,1
incluidedcause,1
smoking,1
weed,1
toono,2
ditched,2
ityou,1
force,2
participate,1
respect,1
boundariesi,1
drink,1
sex,2
easilyyeah,1
highschool,3
credits,1
transfer,1
workatyourownpace,1
program,1
mormon,2
years,2
friendshipon,1
brightside,1
yearthe,1
tiny,2
peopleapparently,1
boys,1
virginity,1
yearmy,1
younger,1
sophmore,1
push,2
dw,1
recently,1
drinking,1
obviously,2
agree,2
helpi,2
helpalso,1
hslike,1
slots,2
firstis,1
somethinghow,1
knowlike,1
twitchthey,1
played,2
pigsteptwitch,1
rivals,1
everyones,2
muted,1
lolcalifornia,1
huge,4
thocause,1
laterand,1
ramthats,1
sayjust,1
youmine,1
pics,1
whoeve,1
beginner,1
upgradedi,1
wanti,1
custom,1
price,1
prebuiltthats,1
smart,1
ideayou,1
customhow,1
redownload,1
twitchi‚Äôll,1
uphe,1
option,2
finishedjust,1
third,3
pagedont,1
tryingim,1
tryingalso,1
paperfuck,1
boi,2
chatshe,1
approved,2
designsonnonom,1
maski,1
failing,1
classim,1
rid,2
peace,1
sign,1
shock,1
partner,1
chug,1
peeking,1
trash,1
sobbing,1
cookiethose,1
emoteswhat,1
designs,3
forpogjust,1
absolutely,2
reasonthats,1
born2002rip,1
lights,2
brrrmy,1
12999,1
dollarsalso,1
headphones,1
brrrrrrrrrrrri,1
happensbut,1
uncomfortable,1
somethign,1
itsneek,1
peek,1
emojitheyre,1
nglwait,1
lolthey,1
priced,1
recommend,1
35,2
pack,1
hand,1
uploadhttpswwwetsycomlisting884135804customtwitchemotesrefhprv5frs1bes1variation01627785916,1
reopened,1
commissions,1
recentlyim,1
decide,1
aspect,1
upgrade,1
wireless,1
mouse,1
logitech,1
c920,1
cam,1
comes,4
stockwatch,1
brand,2
deal,1
thistime,1
unalivea,1
sales,1
rep,1
razer,1
tiktokand,1
885,1
twitchuhi,1
handle,1
meapparently,1
reposted,1
redditmy,1
growingsoon,1
streamerspog,1
quit,2
jared,2
mewhats,1
debating,2
whether,1
notresponding,1
duets,1
platformi,1
683and,1
762,1
followers256kso,1
update561892052854636575,1
playand,1
affiliate,2
tonight100,1
peoplei,1
theredidshei,1
lateryeahoh,1
among,2
usmy,1
badlol,1
capsim,1
nowim,1
loloo,1
marblesjust,1
cm,1
careful,1
buttons,1
clickmy,1
instantsthank,1
ilyhey,1
reason,2
mute,1
pushing,1
wahtever,1
reasonshitsomeone,1
itthank,1
confusedj,1
working561892052854636575,1
browser,1
source,1
live561892052854636575,1
avaiable,1
obsim,1
1yes,1
capacity,1
helpthere,1
tmwrwhy,1
hardi‚Äôm,1
themecko,1
fav,1
creatorsonnot,1
forth,1
tattoo,1
characters,1
tattooit‚Äôs,1
rib,1
cagei,1
abouti,1
clueyeseveryonetattoochat,1
gets,5
decicde,1
tattoim,1
pointsand,1
umi,1
ecko,1
subeckoxsoldiertoo,1
lazy,1
simple,1
lolhttpswwwtwitchtvfuturemeek,1
yell,2
arei,1
dark,2
purplei‚Äôm,1
nails,1
care,4
moneydecent,1
lolalso,2
aub,1
karlcan,1
itthen,1
title,4
lolthen,1
lolwilburs,1
youeveryone,1
joins,2
onwilburs,1
origin,1
aren‚Äôt,2
herelike,1
origins,1
thoi‚Äôm,1
switchingsupposed,1
smhlegit,1
130guess,1
melatonin,1
aloneand,1
yolocause,1
prombut,1
suggest,1
mask,2
similiar,1
ahnd,1
jewels,1
lolblack,1
everythingyeahjust,1
chekc,1
policy,1
strapsit,1
cutedo,1
dayhomeworkthat,1
opposite,1
actuallybefore,1
wetnotake,1
glasses,1
godhey,1
liveomg,1
todayhes,1
goingrngeogusser,1
georgeshit,1
wild,1
brolike,2
reconigzed,1
itwilbur,1
state,1
geoguesser,1
place,4
unfourtunately,1
stock,1
shall,1
tp,2
easure,1
yself,1
medium,1
fitim,1
soot,2
sweatshirt,1
ylyl2,1
shirt,1
disaffiliated,1
confuse,2
recruitment1,1
crewneckcause,1
reasonsim,1
merchgo,1
bedwhy,1
upahhhh,1
it561892052854636575,1
payablea,1
riotearly,1
episodes,1
roughhhhhim,1
catching,1
tales,2
lolhis,1
skin,4
knowi,1
sieryesim,1
bringing,1
faceim,1
sayinghis,1
ipadwhich,1
onwmoodyou,1
tiktokswhen,1
ripemma,1
farming,1
lolclassic,1
tomnot,1
someine,1
understamd,1
otwhycha,1
raaaaaadsoh,1
lolthat,1
worldi,1
youtubertaking,1
noteswilbur,1
seethat,1
uneeded,1
detail,1
convosnot,1
quakity,2
edgerhes,1
cutecauseits,1
finnnnneeeenot,1
elseits,1
mostly,3
watchingohit,1
youemma,1
youthere,1
know6pm,1
cststreamany,1
stardew,1
players,1
atream,1
seriesquickhe‚Äôd,1
waitedi‚Äôm,1
sayinghe,1
capitalize,1
figures,1
he‚Äôll,2
moneyliterallyhe,1
announced,2
themi,1
bad‚Äúnot,1
well‚Äù,1
noat,1
shi,1
tot,1
stealwatch,1
stardewmakes,1
sensethats,1
itdate,1
personminefishyou,1
farmbad,1
metal,1
equals,1
stardewi,2
proabably,1
bebooill,1
butnot,1
silent,1
gameplay,1
failed,1
againshould,1
ii,1
squadlike,1
js,1
tamed,1
fluffy,2
kts,1
himwilbur,1
todaypog,1
championalso,1
104k,1
viewsmarbleseveryone,1
marbleslock,1
uno,1
streamjasper,1
tore,1
blinds,1
windowemma,1
adultidk,1
stoprightclose,1
9k,1
rnit‚Äôs,1
goingso,1
blew,2
asleepd‚Äôs,1
per,1
f‚Äôs,1
you‚Äôll,1
againhow,1
howlike,1
howi,1
thisbtw573003253294432267,1
sims,1
salei,1
singledont,1
ti,1
tmwrtake,1
relaxcongrats,1
thooh,1
notnooooooonoinonononoooooo489485516882837507,1
vcaquariussounds,1
goodtheres,1
57,1
chunks,4
inits,1
backstory,3
trailer,4
exile,3
dislikes,1
diamons,1
gold,2
stuffno,1
hereidk,1
realisticcause,1
meeting691923060940341259putting,1
ore,1
chest,1
diamonds,2
werent,3
silk,1
touchedjust,1
suchits,1
sus691923060940341259,1
permission,1
traileris,1
rnhey,1
diversity,3
7,3
lurk,3
thingshey,1
chatnot,1
poggersyou,1
jackboxalso,1
vcthe,1
principalits,1
principalalso,1
marbleits,1
principalfollwo,1
pointssssjust,1
hurryidk,1
tholike,1
least561892052854636575,1
pooints,1
vote,1
plsnot,1
aightthoughtswhat,1
spoilwhy,1
spouilershit,1
catchymeek,1
chaos,1
demonsband,1
branding,1
nowyesdo,1
moneynoam,1
goodi‚Äôm,1
triviashes,1
clown,1
againminx,1
thrilledtommy,1
thisomgnoootru,1
trunow,1
sat,1
gay,1
manbreak,1
liveit,1
obvious,1
chatit‚Äôs,1
5,4
hoursthey,1
hurry,1
peenot,1
auditionthank,1
godwedtonomgcould,1
lessi,1
winsi‚Äôm,1
boredi,1
amomgi,1
finei‚Äôm,1
upset,2
himyeah,1
weston,1
jacklike,1
friendsmainly,1
wilburi,2
westonif,1
leaves,1
aftee,1
stayinglmaowhat,1
angle,1
vidgetting,1
timewifi,1
slowi,1
boii,1
herenvm,1
jt,1
backhes,1
notifyoure,1
kiddingit,1
islmfaoi,1
leaked,1
itidkor,1
ontommy,1
slippedconfirmedon,1
smpwestoni,1
hernot,1
minx,1
eliminatedi‚Äôm,1
female,1
enter,1
forjack,1
hostyeah,1
itselflike,1
i‚Äôd,2
loud,1
possibleprobably,1
adsi,1
lolthreeshe‚Äôs,1
theeejack,1
entertainingeither,1
sisters,1
eliminated‚Äúthe,1
half‚Äù,1
halfsameyepit‚Äôs,1
awkwardthey,1
towilbur,1
halls,1
dokasjbdeahe,1
fuckinf,1
keycardwill,1
hallsi,1
inflated,1
countmy,1
flooped,1
loli‚Äôm,1
genius,1
shitty,1
dueted,1
caption,1
‚Äúfollow,1
host‚Äù,1
againnot,1
announcing,2
vidtubbo,1
listoh,1
austin,4
trivia,1
cashapp,1
naming,1
whod,1
there489485516882837507,1
goodwhy,1
chilling,1
vcyeaand,1
maxcause,1
vouchesyeah,1
vouching,1
partidk,1
discouragedaustin,1
tomorrow,1
thattru,1
trunot,1
receipts,1
offnohere,1
moments,1
streamsstans,1
toxicpretty,1
muchstan,1
possessiveam,1
stansomeone,1
accused,1
itdoes,1
goodso,1
hasn‚Äôtit,1
openidk,1
sentdo,1
nighti,1
noyepthen,1
highlighted,1
dmd,1
himjust,1
zoom,1
profile,1
pic,1
aredwyou,1
timeand,1
didyeah,1
you‚Äôd,2
thathere,1
chatjoinhes,1
kicked,1
commands,1
instructionshttpswwwtwitchtvgonedoches,1
squeeze,1
inget,1
gone,2
docs,1
auditionkey,1
nvmrip,1
interviewsi,1
dropper,1
nglit‚Äôs,1
biggie,1
can‚Äôtmy,1
partsand,1
insane,1
againlol,1
saturdayi,1
upyeah,1
notice,1
lolpoguhmy,1
anxiety,2
beenyeah,1
376,1
morningi,1
morningtru,1
truawww,1
thanksthat,1
noonits,1
hoursmy,1
stomach,1
hurts,2
ittry,1
200you,1
followersbut,1
blowing,1
uphavent,1
interview,1
yetto,1
prefacei‚Äôm,1
outyall,1
umyeah,1
timesurpriseingly,1
gomy,1
afi,1
smhim,1
kt,1
tothis,1
funyuse,1
headphonestommyinnit,1
decidesthats,1
sayiongalso,1
stepdad,1
fried,1
chicken,1
atebut,1
feral,1
funnier,2
content561892052854636575yesi,1
ate,1
lunch,1
bno,1
workim,1
tryingi,2
pcim,1
commitednoand,1
pukingi,1
againlast,1
takesecond,1
mt,2
dewi,1
software,1
problemi,1
chugging,1
dew,2
ran,1
overitmeim,1
fuking,1
feralgo,1
youtubeill,1
youcan,1
vcill,1
donei,2
lottalk,1
fast1,1
editi,1
takei,1
overtimeapply,1
annywayit,1
agoi,1
sawim,1
nownot,1
showing,2
offinside,1
goi,1
emotenew,1
emotei,1
inducted,1
cult,1
workout,1
815,1
945,1
tonightnot,1
crying,3
amhere,1
canon,3
killed,3
godi,1
blunt,1
headlocksmpdreamsmpmore,1
welcome,1
togreat,1
village,1
yourselves,1
canonically,1
afraid,1
visit,1
villageill,1
cutting,1
whos,1
lorei,2
notificationso,1
fineupdate,1
fine,2
rougher,1
usual,1
infected,1
cone,1
licking,1
persists561892052854636575,1
uhit,1
pulled,2
stretched,1
tree,1
earlieri,1
coned,1
picked,1
lick,1
stopping,1
asleepive,1
crate,1
vetshe,1
bleeding,1
incision,1
internal,1
organs,1
infectedi,1
stitches,1
openi,1
clue,1
affects,1
analytics,1
stats,1
knowalso,1
9000,1
likescause,1
lurking,2
reflect,1
endyou,1
atleast,1
every,3
assume,3
incorrectso,1
hayley‚Äôs,2
lurkingpog,1
lolhey,1
average,2
higher,1
affiliatealso,1
nap,1
missing,1
there‚Äôs,2
less,2
nightthis,1
current,1
maid,1
welloh,1
accountor,1
561892052854636575how,1
picture,1
skinhttpsvmtiktokcomzmemw47t5,1
sooni,1
fail50not,1
interrupt,1
canceled,1
forim,1
stupid,1
mtn,1
vie,1
auditionyeah,1
probablky,1
nglits,1
easy,2
tonightthey,1
date,1
asapanyway,1
auditionsour,1
grpahic,1
designer,1
mant,1
mistakes,1
todayim,2
magazineonlt,1
ideatahts,1
itjumping,1
beddoes,1
script,1
thenill,1
bestshe,1
installedmy,1
diorite,1
ityoull,1
boat,1
city,2
siernot,1
classokay,1
jmy,1
trmw,1
streamsi,1
peices,1
readim,1
confusedwait,1
isgeorges,1
acting,1
cantalso,1
thje,1
wargetting,1
war,1
flashbacksnot,1
soundeffectghost,1
schlatnot,1
jail,1
commentnot,1
skinwhen,1
havoing,1
ads,1
donecause,1
rash,1
bucket,1
yay,1
oh,2
hostlike,1
offence,1
bway,1
buikt,1
episodethey,1
theydoes,1
channeli,1
wondered,1
workedohhhhhnoig,1
tommys,2
tabkebut,1
deadschlatt,1
os,1
jerewhy,1
mafia,1
meetingwhats,1
goign,1
heretaleive,1
tails2,1
files,1
obsthe,1
itmeet,1
hopping,1
cords,1
laterim,1
locationi,1
amyou,1
alotim,1
scouting,1
locoations,1
houseoh,1
ahter,1
grinding,1
levels,2
beacon,4
iron,1
naturally,1
enchant,1
besides,1
survivali,1
chunkc,1
donebut,1
willthank,1
youuuuui,1
rulesid,1
afterwould,1
chunk,2
mining,1
holes,1
tonightimportant,1
questionsrainethats,1
traileri,1
skinsi,1
shots,2
lots,1
lolohyeai,1
nhtohign,1
sieri,2
these,3
smpbut,1
therer,1
bedrock,1
slimenot,1
trailerthis,1
lateryeahcause,1
tempory,1
items,1
doneim,1
focusing,2
leftits,1
trailerand,1
townokayeveryone,1
skip,1
tonightanyway,1
pinning,1
thatno,1
meeki,1
wear,1
makeup,1
timethats,1
1014rn,1
skits,1
burned,1
terms,1
growthi,1
23,1
dailyi,1
whatthe,1
perfect,2
combobut,1
sexual,1
bozeless,1
swearing,1
minxid,1
bully,1
everyonelove,1
continueyessssokay,1
millions,1
pointfuck,1
themn,1
kids,2
broid,1
toooo,1
powerful,1
hostthe,1
wtf,1
child,1
andthats,1
otherme,1
guest,1
question,1
pulls,1
offloli,1
ope,1
immeadiatly,1
ended,2
friendship,1
signhonestly,1
lame,2
wasnt,2
considering,1
history,2
dreamcause,1
himthe,1
control,1
lives,1
thinki,1
bigger,2
reveal,1
alive,1
sam,2
inhe,1
memorized,1
immeaditatly,1
deaths,1
stilltommy,1
revive,2
wherever,1
diedi,1
tommynow,1
wrokinghe,1
minsohi,1
wrote,1
kill,5
meaning,1
htink,1
theris,1
complex,1
storyline,5
egg,2
guts,1
ghostbur,3
lmanberg,1
schlatt,1
mixed,1
manipluting,1
noooo,1
thatll,1
somone,1
plot,1
hole,1
defiently,2
lateralso,1
projecso,1
otherwise,1
explainidk,1
spoiler,2
thingare,1
oni‚Äôm,1
cancelling,2
writemy,1
btw,2
tmwrwe,1
startsmy,1
forced,1
dogdream,1
theory,1
httpsvmtiktokcomzme6vjrebill,1
project,1
tonightoofi,1
vcjust,1
meetingthats,1
moodstudying,1
lolhuge,1
unfortunatelywe,1
gunpowder,1
finishing180105249363591170,1
bbhopefully,1
playi,1
lolohbut,1
whyboth,1
versions,1
inyeahlike,1
upi,1
turtorials,1
serverim,1
strugglingi,1
lifemy,1
grade,2
docked,1
letter,1
daysi,1
hereapparently,1
yesterdayzenithlitmagbathroomi‚Äôll,1
brealso,1
930,1
pause,1
boxi‚Äôm,1
btwnot,1
skate,1
camp,1
tonightim,1
99,1
lateill,1
hanging,1
avout,1
lolthat‚Äôs,1
peoplemy,1
mods,1
interestedi‚Äôm,1
interested,1
üëâüèºüëàüèºtechnically,1
chasers,1
twitchthats,1
0,1
cloutyeshwant,1
therapist,3
flat,1
you‚Äôve,1
depressed,1
session,1
endsto,1
guessing,1
nsyesgood,1
far,2
sweat,1
itwith,1
audiosalso,1
audios,1
hint,1
advertise,1
moredo,1
anywayit,1
releatively,1
soontakes,1
path,1
updateare,1
streamingnow,1
pogchampionomg,1
congratsthen,1
pogchampionimagine,1
support,1
funno,1
listen,1
reviewscan,1
webcamand,1
thencan,1
garunteeif,1
boringthey,1
eventuallythey,1
nothingim,1
badi,1
50ish,1
surpassing,1
instagram,1
seriously,1
showi,1
friday,1
elseoh,1
raine,1
rightis,1
pst,1
cstwhat,1
trouble,1
rough,2
dayi‚Äôm,2
noti,1
haha,1
httpsvmtiktokcomzmeyh79tti,1
priorites,1
straightalso,1
homeworkallowedno,1
sexy,1
timesits,1
pandemicwhyi,1
lroe,1
nothanks561892052854636575,1
lecture,1
continuesi‚Äôll,1
onif,1
funnytrendy,1
httpsvmtiktokcomzmefeaosv561892052854636575,1
floating,1
chestsi,1
agreei,1
shopild,1
beim,1
damnitg,1
adgijasdhngadgaeiujfhgasoigadog8hyigfathank,1
youyesthats,1
ideagive,1
creditkillhttpsapexminecrafthostingcomuploadingaworldtoyourminecraftserver,1
561892052854636575that,1
happened,4
swipe,1
contentevery,1
swear573003253294432267,1
welcome489485516882837507,1
homework,2
prbablly,1
shouldnt,3
thohomeless,1
gangstill,1
considered,1
homelessit,1
progresssorry,1
leaving,2
refueses,1
workmy,1
glitching,1
crashing,1
again561892052854636575,1
kick,1
vv,1
thereill,1
chatguys,1
approvedby,1
hopefullynot,1
instant,1
uploadyes,1
doesyesbut,1
light,1
brown,1
center,1
hazel,1
keynot,1
convince,1
eye,1
hasi,1
knowurtrash758222819875225600this,1
poweradoogusrage743263606082240573uwu758222750044782632because,1
nitroi,1
servers,1
heresock5800462144990347296,1
sock2800462079186173952apparently,1
thingyall,1
nitro,1
isif,1
heavily,1
disappointed,1
shake,2
nor,1
howyeah,1
creeepy,1
somethingim,1
isshes,1
hater,3
tells,1
raid,3
popular,1
recentlylike,1
act,1
wholesome,1
itshes,1
maintain,1
bro,1
editnot,1
lolthanksthoughts,1
panelsi,1
alert,1
pain,2
lolscuffed,1
winon,1
desktop,1
websitelabs,1
label,4
total,1
template,2
count125,1
125,1
tick,1
delay,2
titleits,1
daythey,1
acted,1
charge,1
fast,1
downhuge,1
moodoh,1
mobs,1
diethank,1
youdont,1
billions,1
thotiktok,1
promots,1
hashtags,1
sponsorstrending,1
hashtagmeeks,1
monument,1
889,1
62,2
370nowhat,1
trailersrandom,1
slip,1
story,1
line,1
damn,1
replies,1
normals,1
explanantionplus,1
stronger,1
offhey,1
purposely,1
ruined,1
agreemy,1
luck,1
ozzaworld,1
subhowi,1
subme,1
causally,1
captainsparklez,1
practice,1
screenvidcon,1
ticket,1
aspiring,1
seminars,1
networking,1
nowmy,1
vaxxed,1
governments,1
system,1
ranboowhat,1
meanstonehello,1
tommyits,1
characterwilbur,1
headstrong,1
ehat,1
tries,1
blindlyhe,1
bitsit,1
bitsi,1
burnohhh,1
bandageso,1
ownits,1
las,1
nevadas,1
emotionalidk,1
syndicate,1
lmanburg,1
stands,1
bothphil,1
son,1
hwo,1
dare,2
easrthi,1
soudnsthere,1
noises,1
placetrulets,1
diddream,1
amazing,1
stfu,1
wilburwatch,1
scotts,1
thingbitch,1
mccwhere,1
mcchow,1
serversinfinite,1
livesnot,1
cameraso,1
okayhes,1
tho2016,1
obsession,1
backstupid,1
british,1
obsessed,1
hamiltonstream,1
revivebur,1
againcould,1
imaginephilza,1
fighting,1
againcause,1
techno,2
philza,1
michael,1
foolish,1
causr,1
headi,1
ranboos,1
outloud,1
wrongits,1
racist,2
youyeswilbur,1
betif,1
stand,1
boo,1
fordream,1
probsranboo,1
choose,1
sides,1
awko,1
tacowhos,1
traitor,1
raises,1
handhis,1
somoene,1
stilldidnt,1
revivedwilbur,1
cwilbur,1
apologistis,1
strong,1
fighter,1
controlled,1
dreamtake,1
youi,2
balls,1
shakespere,1
refernceno,1
understood,2
drugs,1
cityi,1
lmanbergthats,1
70s,1
yaif,1
manifold,1
skingodi,1
punch,2
himi,2
manifolds,1
skini,1
offwilbur,1
hotim,1
wilburs,1
povnoooodrista,1
godnor,1
friendfirst,1
ghostburnot,1
frienddoesnt,1
skeppy,1
insult,1
verb,1
orginsjust,1
bitthey,1
prefer,1
alivebur,1
deserve,1
train,2
stationi,2
ghostburi,1
crieddid,1
trust,1
friendtubbo,1
vault,1
hunters,1
rnwrong,1
channelemote,1
stickersemote,2
stickerslondon,1
oputs,1
barriers,1
tubelineremember,1
manipulated,1
himiblames,1
dietommy,1
theredream,1
bargaining,1
chipjust,1
tommywhat,1
dowhy,1
wouild,1
skintommy,1
clsoethxwhos,1
watvhi,1
refuse,1
homeworkkinda,1
chirstmas,1
yearthey,1
ineveryonemcc,1
backquig,1
datethis,1
lorethis,1
nglnowhy,1
brightthemnot,1
foolishafter,1
math,1
arcthey,1
liveyeslore,1
streameretall,1
cloutthey,1
fir,1
placeyou‚Äôre,1
father,1
figurerudethey,1
fully,2
cook,1
laughingit,1
thowhat,1
traumatizedchat,1
dogsi,1
can‚Äôtnot,1
carinfit,1
spy,1
didn‚Äôtthe,1
traumatizedidk,1
thojust,1
puffy,4
badnot,1
puffy‚Äôs,1
texture,1
packcause,1
partyhe‚Äôs,1
ig,1
chargehe‚Äôs,1
whileyeah,1
sono,1
prisonwaitskeppy,1
diedyeah,1
prisonniki,1
leftand,1
continued,1
eggto,1
fuxking,1
eggno,1
lorecause,1
walking,1
let‚Äôs,1
honestthat‚Äôs,1
worknot,1
killing,2
eggi,1
blow,2
‚Äúthis,1
lore‚Äù,1
nowthe,1
stoppwhoever,1
nuke,1
itdoesn‚Äôt,1
nukeoh,1
ant,1
ducking,1
tubbonot,1
thisbig,1
q,1
voicenot,1
actor,1
hereahwe,1
cams,1
onim,1
waitign,1
ahhim,1
tom,1
boyish,1
onesmost,1
campus,1
girlyso,1
differentits,1
processand,1
inthis,1
thsi,1
whallow,1
anxietyi,1
ahhhno,1
sororitieslike,1
micim,1
setupits,1
special,1
meetingohhhhi,1
11,1
minutesis,1
saidits,1
mad,2
racistthis,1
bshe,1
checksi,1
doubt,3
knewthe,1
shooting,2
streamits,1
bs,1
iut,1
hereits,1
minecraftand,1
insensitiveapparatnely,1
outthey,1
chillits,1
minecraftnot,1
quakitys,1
titleat,1
shorter,1
commitment,1
rewatchi,1
hereyoure,1
kiddingno,1
rewatch,1
catch,1
liveawwwww,1
okaywashe,1
succesfuland,1
wilburdid,1
eggguys,1
meetingi,1
rememberhow,1
hayleyhow,1
spoilers,1
againgod,1
dammit,1
intensei,1
watchhow,1
rnwhich,1
thisno,2
‚ù§Ô∏è,1
wer,1
thatoh,1
definetlysame,1
lolto,1
howvc,1
anyonehardest,1
streamcamera,1
modlike,1
itcan,1
thislike,1
qualitythis,1
benot,1
allyeah,1
nomy,1
frozei,1
dislike,1
thisdont,1
ignore,1
warnings,1
kidsnot,1
disassociating,1
nothe,1
buildihg,1
knownowhattubbo,1
generali,1
missthe,1
funniest,1
minxi,1
screenand,1
definitely,2
onaustin,1
announcementit‚Äôs,1
louder,1
tryinf,1
hardand,1
quietlike,1
kacey‚Äôs,1
funnymissed,1
opportunitythey,1
onmost,1
tensionlike,1
ccs,2
togetheri‚Äôm,1
honest,1
prime,1
keyi‚Äôm,1
salefuck,1
towersfuck,2
igalso,1
generalidk,1
subtitles,1
footage,1
captioning,1
youtubeif,1
yetalso,1
editingpog,1
piss,1
neighbors,1
screamingi,1
lobbypico,1
bucksstardew,1
valley,1
12,1
bucks,2
rntricky,1
55,1
rnshed,1
simp,1
publicallylilly,1
fan,2
accountlilly,1
timezone,1
jackbox,1
issue,2
overwhen,1
flexinglilly‚Äôs,1
servermoodily,1
plug,1
lolhellothank,1
youv,1
importantits,1
absolute,1
purpose,1
hostfollow,1
futuremeekif,1
httpsdiscordggwx9u4gjebfsound,1
goodhopefully,1
solve,1
crisisi,2
crisis,2
rnno,1
crisisive,1
midlife,1
0like,1
bruh,1
moby,1
dick,1
downtell,1
stared,1
kills,1
chronologicalalways,1
speedrun,1
musicim,1
yesterdays,1
algorithm,1
loleveryone,1
httpsvmtiktokcomzmeytrstkalso,1
116710505460137986,1
welcomeim,1
miraclehey,1
368460985268174858,1
welcomei,1
white,1
robe,1
ceremony,1
iniationhttpswwwyoutubecomchannelucbx3ay2sixcz6ak8sohacontext1pastelsdarlingill,1
helpim,1
appreciate,1
wayhad,1
lolthank,1
helpingwhich,1
ithow,1
downgot,1
workwhats,1
width,1
measurement,1
1080,1
pbut,1
resized,1
bg,1
itcause,1
dimensions,1
elements,1
mein,1
way95,1
sureill,1
saturdays,1
streamthats,1
triedstill,1
obssorry,1
typing,1
vcjoin,1
screenieit‚Äôs,1
unless,1
herwhat‚Äôs,1
happening691923060940341259so,1
inspo,1
sorta,1
slips,1
narrating,1
living,1
lifelike,1
laternoill,1
later691923060940341259okay,1
choice573003253294432267,1
cannonim,1
madyall,1
explaining,1
dohttpswwwyoutubecomchannelucxpxhxuvtaowxbcnbrtjtoabyeeeee,1
greatim,1
smartim,1
campaigncoolllllpogshe,1
contradictionim,1
noble,1
elf,1
rogue,1
basicallyand,1
isthe,1
mimic,1
points,1
deathhes,1
roaming,1
gnome,1
holesbut,1
noooobut,1
hed,1
deadand,1
dying,1
turned,1
corner,1
closeand,1
pursue,1
darkbut,1
stopped,1
characterthe,1
wayyyyyyy,1
180,1
ft,1
thereenjoy,1
moviesounds,1
related,1
slightesti,1
mainly,1
thrown,1
throughhe,1
flirting,1
minors,2
sexualizing,1
shipping,1
context,1
emmai,1
fanbut,1
timeline,1
negative,1
wayhe,1
associate,1
anymoreyeahyeah,1
timelinehis,1
helped,1
talked,1
easily,1
swept,1
overwhelemedi,1
toojust,1
imsimons,1
drama,1
gross,1
closely,1
overwhelmingsorry,1
existential,1
allno,1
‚ù§Ô∏èalso,1
sleepnoooonodidnt,1
stingerdid,1
siercowardjoin,1
vci,1
thisi,1
igi,1
thissend,1
atwait,1
what889,1
370spain,1
sim,1
dyingwith,1
coaching,1
hosti,1
signmy,1
youthank,1
you573003253294432267489485516882837507i,1
headsetcan,1
me573003253294432267,1
pslalso,1
goodbyeim,1
bbhttpswwwtwitchtvsmollestpeanutidk,1
careno,1
goodsophia,1
homewrokits,1
